-- --------------------------------------------------------
-- 호스트:                          j10d211.p.ssafy.io
-- 서버 버전:                        8.0.36 - MySQL Community Server - GPL
-- 서버 OS:                        Linux
-- HeidiSQL 버전:                  12.3.0.6589
-- --------------------------------------------------------

/*!40101 SET @OLD_CHARACTER_SET_CLIENT=@@CHARACTER_SET_CLIENT */;
/*!40101 SET NAMES utf8 */;
/*!50503 SET NAMES utf8mb4 */;
/*!40103 SET @OLD_TIME_ZONE=@@TIME_ZONE */;
/*!40103 SET TIME_ZONE='+00:00' */;
/*!40014 SET @OLD_FOREIGN_KEY_CHECKS=@@FOREIGN_KEY_CHECKS, FOREIGN_KEY_CHECKS=0 */;
/*!40101 SET @OLD_SQL_MODE=@@SQL_MODE, SQL_MODE='NO_AUTO_VALUE_ON_ZERO' */;
/*!40111 SET @OLD_SQL_NOTES=@@SQL_NOTES, SQL_NOTES=0 */;


-- STICKEY 데이터베이스 구조 내보내기
CREATE DATABASE IF NOT EXISTS `STICKEY` /*!40100 DEFAULT CHARACTER SET utf8mb4 COLLATE utf8mb4_bin */ /*!80016 DEFAULT ENCRYPTION='N' */;
USE `STICKEY`;

-- 테이블 STICKEY.game 구조 내보내기
CREATE TABLE IF NOT EXISTS `game` (
  `away_team_id` int DEFAULT NULL,
  `home_team_id` int DEFAULT NULL,
  `id` int NOT NULL AUTO_INCREMENT,
  `stadium_id` int DEFAULT NULL,
  `book_end_time` datetime(6) DEFAULT NULL,
  `book_start_time` datetime(6) DEFAULT NULL,
  `game_start_time` datetime(6) DEFAULT NULL,
  `game_image` varchar(255) COLLATE utf8mb4_bin DEFAULT NULL,
  `category` enum('SOCCER','BASEBALL','BASKETBALL') COLLATE utf8mb4_bin DEFAULT NULL,
  PRIMARY KEY (`id`),
  KEY `FK1r7frt87apxd11e0a5luwmpsb` (`away_team_id`),
  KEY `FKa6nbrd4b1xkn21x9yvw474qdi` (`home_team_id`),
  KEY `FKosm14yi8f9618g8x0obveyeka` (`stadium_id`),
  CONSTRAINT `FK1r7frt87apxd11e0a5luwmpsb` FOREIGN KEY (`away_team_id`) REFERENCES `sports_club` (`id`),
  CONSTRAINT `FKa6nbrd4b1xkn21x9yvw474qdi` FOREIGN KEY (`home_team_id`) REFERENCES `sports_club` (`id`),
  CONSTRAINT `FKosm14yi8f9618g8x0obveyeka` FOREIGN KEY (`stadium_id`) REFERENCES `stadium` (`id`)
) ENGINE=InnoDB AUTO_INCREMENT=25 DEFAULT CHARSET=utf8mb4 COLLATE=utf8mb4_bin;

-- 테이블 데이터 STICKEY.game:~9 rows (대략적) 내보내기
INSERT INTO `game` (`away_team_id`, `home_team_id`, `id`, `stadium_id`, `book_end_time`, `book_start_time`, `game_start_time`, `game_image`, `category`) VALUES
	(4, 2, 1, 1, '2024-04-12 23:59:00.974000', '2024-04-02 16:50:00.974000', '2024-04-13 14:00:00.974000', 'https://d3rz04d93vngvv.cloudfront.net/game/profile/2024_04_02_143128_서울포항.jpg', 'SOCCER'),
	(2, 4, 13, 1, '2024-04-03 16:50:38.663000', '2024-04-02 16:50:38.663000', '2024-04-03 17:00:38.663000', 'https://d3rz04d93vngvv.cloudfront.net/game/profile/2024_04_02_153781_화면 캡처 2024-03-25 103903.png', 'SOCCER'),
	(27, 23, 17, 5, '2024-04-10 18:30:51.812000', '2024-04-08 18:00:00.812000', '2024-04-10 19:30:51.812000', 'https://d3rz04d93vngvv.cloudfront.net/game/profile/2024_04_02_161211_KBO.jpg', 'BASEBALL'),
	(6, 12, 18, 3, '2024-04-15 23:59:59.663000', '2024-04-02 17:00:00.663000', '2024-04-16 16:30:00.663000', 'https://d3rz04d93vngvv.cloudfront.net/game/profile/2024_04_02_162203_대구인천.jpg', 'SOCCER'),
	(8, 7, 19, 4, '2024-04-06 23:59:59.663000', '2024-04-03 17:00:00.663000', '2024-04-07 14:00:00.663000', 'https://d3rz04d93vngvv.cloudfront.net/game/profile/2024_04_02_163212_전북강원.jpg', 'SOCCER'),
	(2, 5, 21, 6, '2024-04-06 23:59:59.663000', '2024-04-03 17:00:00.663000', '2024-04-07 16:30:00.663000', 'https://d3rz04d93vngvv.cloudfront.net/game/profile/2024_04_03_023029_대전포항.jpg', 'SOCCER'),
	(4, 12, 22, 3, '2024-04-06 23:59:59.663000', '2024-04-03 17:00:00.663000', '2024-04-07 14:00:00.663000', 'https://d3rz04d93vngvv.cloudfront.net/game/profile/2024_04_03_023758_대구서울.png', 'SOCCER'),
	(9, 11, 23, 9, '2024-04-05 23:59:59.663000', '2024-04-03 17:00:00.663000', '2024-04-06 16:30:00.663000', 'https://d3rz04d93vngvv.cloudfront.net/game/profile/2024_04_03_024009_김천광주.png', 'SOCCER'),
	(10, 1, 24, 7, '2024-04-05 23:59:59.663000', '2024-04-03 17:00:00.663000', '2024-04-06 14:00:00.663000', 'https://d3rz04d93vngvv.cloudfront.net/game/profile/2024_04_03_024600_울산수원.jpg', 'SOCCER');

-- 테이블 STICKEY.game_seat 구조 내보내기
CREATE TABLE IF NOT EXISTS `game_seat` (
  `game_id` int DEFAULT NULL,
  `id` int NOT NULL AUTO_INCREMENT,
  `price` int NOT NULL,
  `seat_number` int NOT NULL,
  `zone_id` int NOT NULL,
  `zone_name` varchar(255) COLLATE utf8mb4_bin DEFAULT NULL,
  `status` enum('AVAILABLE','SOLD','HOLDING') COLLATE utf8mb4_bin DEFAULT NULL,
  PRIMARY KEY (`id`),
  KEY `FKd7j13rqjj6qvfveefw8jt1qey` (`game_id`),
  CONSTRAINT `FKd7j13rqjj6qvfveefw8jt1qey` FOREIGN KEY (`game_id`) REFERENCES `game` (`id`)
) ENGINE=InnoDB AUTO_INCREMENT=5401 DEFAULT CHARSET=utf8mb4 COLLATE=utf8mb4_bin;

-- 테이블 데이터 STICKEY.game_seat:~3,252 rows (대략적) 내보내기
INSERT INTO `game_seat` (`game_id`, `id`, `price`, `seat_number`, `zone_id`, `zone_name`, `status`) VALUES
	(1, 1, 20000, 1, 1, 'S구역 1', 'AVAILABLE'),
	(1, 2, 20000, 2, 1, 'S구역 1', 'AVAILABLE'),
	(1, 3, 20000, 3, 1, 'S구역 1', 'AVAILABLE'),
	(1, 4, 20000, 4, 1, 'S구역 1', 'AVAILABLE'),
	(1, 5, 20000, 5, 1, 'S구역 1', 'AVAILABLE'),
	(1, 6, 20000, 6, 1, 'S구역 1', 'AVAILABLE'),
	(1, 7, 20000, 7, 1, 'S구역 1', 'AVAILABLE'),
	(1, 8, 20000, 8, 1, 'S구역 1', 'AVAILABLE'),
	(1, 9, 20000, 9, 1, 'S구역 1', 'AVAILABLE'),
	(1, 10, 20000, 10, 1, 'S구역 1', 'AVAILABLE'),
	(1, 11, 20000, 11, 1, 'S구역 1', 'AVAILABLE'),
	(1, 12, 20000, 12, 1, 'S구역 1', 'AVAILABLE'),
	(1, 13, 20000, 13, 1, 'S구역 1', 'AVAILABLE'),
	(1, 14, 20000, 14, 1, 'S구역 1', 'AVAILABLE'),
	(1, 15, 20000, 15, 1, 'S구역 1', 'AVAILABLE'),
	(1, 16, 20000, 16, 1, 'S구역 1', 'AVAILABLE'),
	(1, 17, 20000, 17, 1, 'S구역 1', 'AVAILABLE'),
	(1, 18, 20000, 18, 1, 'S구역 1', 'AVAILABLE'),
	(1, 19, 20000, 19, 1, 'S구역 1', 'AVAILABLE'),
	(1, 20, 20000, 20, 1, 'S구역 1', 'AVAILABLE'),
	(1, 21, 20000, 21, 1, 'S구역 1', 'AVAILABLE'),
	(1, 22, 20000, 22, 1, 'S구역 1', 'AVAILABLE'),
	(1, 23, 20000, 23, 1, 'S구역 1', 'AVAILABLE'),
	(1, 24, 20000, 24, 1, 'S구역 1', 'AVAILABLE'),
	(1, 25, 20000, 25, 1, 'S구역 1', 'AVAILABLE'),
	(1, 26, 20000, 26, 1, 'S구역 1', 'AVAILABLE'),
	(1, 27, 20000, 27, 1, 'S구역 1', 'AVAILABLE'),
	(1, 28, 20000, 28, 1, 'S구역 1', 'AVAILABLE'),
	(1, 29, 20000, 29, 1, 'S구역 1', 'AVAILABLE'),
	(1, 30, 20000, 30, 1, 'S구역 1', 'AVAILABLE'),
	(1, 31, 20000, 1, 2, 'S구역 2', 'AVAILABLE'),
	(1, 32, 20000, 2, 2, 'S구역 2', 'AVAILABLE'),
	(1, 33, 20000, 3, 2, 'S구역 2', 'AVAILABLE'),
	(1, 34, 20000, 4, 2, 'S구역 2', 'AVAILABLE'),
	(1, 35, 20000, 5, 2, 'S구역 2', 'AVAILABLE'),
	(1, 36, 20000, 6, 2, 'S구역 2', 'AVAILABLE'),
	(1, 37, 20000, 7, 2, 'S구역 2', 'AVAILABLE'),
	(1, 38, 20000, 8, 2, 'S구역 2', 'AVAILABLE'),
	(1, 39, 20000, 9, 2, 'S구역 2', 'AVAILABLE'),
	(1, 40, 20000, 10, 2, 'S구역 2', 'AVAILABLE'),
	(1, 41, 20000, 11, 2, 'S구역 2', 'AVAILABLE'),
	(1, 42, 20000, 12, 2, 'S구역 2', 'AVAILABLE'),
	(1, 43, 20000, 13, 2, 'S구역 2', 'AVAILABLE'),
	(1, 44, 20000, 14, 2, 'S구역 2', 'AVAILABLE'),
	(1, 45, 20000, 15, 2, 'S구역 2', 'AVAILABLE'),
	(1, 46, 20000, 16, 2, 'S구역 2', 'AVAILABLE'),
	(1, 47, 20000, 17, 2, 'S구역 2', 'AVAILABLE'),
	(1, 48, 20000, 18, 2, 'S구역 2', 'AVAILABLE'),
	(1, 49, 20000, 19, 2, 'S구역 2', 'AVAILABLE'),
	(1, 50, 20000, 20, 2, 'S구역 2', 'AVAILABLE'),
	(1, 51, 20000, 21, 2, 'S구역 2', 'AVAILABLE'),
	(1, 52, 20000, 22, 2, 'S구역 2', 'AVAILABLE'),
	(1, 53, 20000, 23, 2, 'S구역 2', 'AVAILABLE'),
	(1, 54, 20000, 24, 2, 'S구역 2', 'AVAILABLE'),
	(1, 55, 20000, 25, 2, 'S구역 2', 'AVAILABLE'),
	(1, 56, 20000, 26, 2, 'S구역 2', 'AVAILABLE'),
	(1, 57, 20000, 27, 2, 'S구역 2', 'AVAILABLE'),
	(1, 58, 20000, 28, 2, 'S구역 2', 'AVAILABLE'),
	(1, 59, 20000, 29, 2, 'S구역 2', 'AVAILABLE'),
	(1, 60, 20000, 30, 2, 'S구역 2', 'AVAILABLE'),
	(1, 61, 15000, 1, 3, 'R구역 1', 'AVAILABLE'),
	(1, 62, 15000, 2, 3, 'R구역 1', 'AVAILABLE'),
	(1, 63, 15000, 3, 3, 'R구역 1', 'AVAILABLE'),
	(1, 64, 15000, 4, 3, 'R구역 1', 'AVAILABLE'),
	(1, 65, 15000, 5, 3, 'R구역 1', 'AVAILABLE'),
	(1, 66, 15000, 6, 3, 'R구역 1', 'AVAILABLE'),
	(1, 67, 15000, 7, 3, 'R구역 1', 'AVAILABLE'),
	(1, 68, 15000, 8, 3, 'R구역 1', 'AVAILABLE'),
	(1, 69, 15000, 9, 3, 'R구역 1', 'AVAILABLE'),
	(1, 70, 15000, 10, 3, 'R구역 1', 'AVAILABLE'),
	(1, 71, 15000, 11, 3, 'R구역 1', 'AVAILABLE'),
	(1, 72, 15000, 12, 3, 'R구역 1', 'AVAILABLE'),
	(1, 73, 15000, 13, 3, 'R구역 1', 'AVAILABLE'),
	(1, 74, 15000, 14, 3, 'R구역 1', 'AVAILABLE'),
	(1, 75, 15000, 15, 3, 'R구역 1', 'AVAILABLE'),
	(1, 76, 15000, 16, 3, 'R구역 1', 'AVAILABLE'),
	(1, 77, 15000, 17, 3, 'R구역 1', 'AVAILABLE'),
	(1, 78, 15000, 18, 3, 'R구역 1', 'AVAILABLE'),
	(1, 79, 15000, 19, 3, 'R구역 1', 'AVAILABLE'),
	(1, 80, 15000, 20, 3, 'R구역 1', 'AVAILABLE'),
	(1, 81, 15000, 21, 3, 'R구역 1', 'AVAILABLE'),
	(1, 82, 15000, 22, 3, 'R구역 1', 'AVAILABLE'),
	(1, 83, 15000, 23, 3, 'R구역 1', 'AVAILABLE'),
	(1, 84, 15000, 24, 3, 'R구역 1', 'AVAILABLE'),
	(1, 85, 15000, 25, 3, 'R구역 1', 'AVAILABLE'),
	(1, 86, 15000, 26, 3, 'R구역 1', 'AVAILABLE'),
	(1, 87, 15000, 27, 3, 'R구역 1', 'AVAILABLE'),
	(1, 88, 15000, 28, 3, 'R구역 1', 'AVAILABLE'),
	(1, 89, 15000, 29, 3, 'R구역 1', 'AVAILABLE'),
	(1, 90, 15000, 30, 3, 'R구역 1', 'AVAILABLE'),
	(1, 91, 15000, 1, 4, 'R구역 2', 'AVAILABLE'),
	(1, 92, 15000, 2, 4, 'R구역 2', 'AVAILABLE'),
	(1, 93, 15000, 3, 4, 'R구역 2', 'AVAILABLE'),
	(1, 94, 15000, 4, 4, 'R구역 2', 'AVAILABLE'),
	(1, 95, 15000, 5, 4, 'R구역 2', 'AVAILABLE'),
	(1, 96, 15000, 6, 4, 'R구역 2', 'AVAILABLE'),
	(1, 97, 15000, 7, 4, 'R구역 2', 'AVAILABLE'),
	(1, 98, 15000, 8, 4, 'R구역 2', 'AVAILABLE'),
	(1, 99, 15000, 9, 4, 'R구역 2', 'AVAILABLE'),
	(1, 100, 15000, 10, 4, 'R구역 2', 'AVAILABLE'),
	(1, 101, 15000, 11, 4, 'R구역 2', 'AVAILABLE'),
	(1, 102, 15000, 12, 4, 'R구역 2', 'AVAILABLE'),
	(1, 103, 15000, 13, 4, 'R구역 2', 'AVAILABLE'),
	(1, 104, 15000, 14, 4, 'R구역 2', 'AVAILABLE'),
	(1, 105, 15000, 15, 4, 'R구역 2', 'AVAILABLE'),
	(1, 106, 15000, 16, 4, 'R구역 2', 'AVAILABLE'),
	(1, 107, 15000, 17, 4, 'R구역 2', 'AVAILABLE'),
	(1, 108, 15000, 18, 4, 'R구역 2', 'AVAILABLE'),
	(1, 109, 15000, 19, 4, 'R구역 2', 'AVAILABLE'),
	(1, 110, 15000, 20, 4, 'R구역 2', 'AVAILABLE'),
	(1, 111, 15000, 21, 4, 'R구역 2', 'AVAILABLE'),
	(1, 112, 15000, 22, 4, 'R구역 2', 'AVAILABLE'),
	(1, 113, 15000, 23, 4, 'R구역 2', 'AVAILABLE'),
	(1, 114, 15000, 24, 4, 'R구역 2', 'AVAILABLE'),
	(1, 115, 15000, 25, 4, 'R구역 2', 'AVAILABLE'),
	(1, 116, 15000, 26, 4, 'R구역 2', 'AVAILABLE'),
	(1, 117, 15000, 27, 4, 'R구역 2', 'AVAILABLE'),
	(1, 118, 15000, 28, 4, 'R구역 2', 'AVAILABLE'),
	(1, 119, 15000, 29, 4, 'R구역 2', 'AVAILABLE'),
	(1, 120, 15000, 30, 4, 'R구역 2', 'AVAILABLE'),
	(1, 121, 15000, 1, 5, 'R구역 3', 'AVAILABLE'),
	(1, 122, 15000, 2, 5, 'R구역 3', 'AVAILABLE'),
	(1, 123, 15000, 3, 5, 'R구역 3', 'AVAILABLE'),
	(1, 124, 15000, 4, 5, 'R구역 3', 'AVAILABLE'),
	(1, 125, 15000, 5, 5, 'R구역 3', 'AVAILABLE'),
	(1, 126, 15000, 6, 5, 'R구역 3', 'AVAILABLE'),
	(1, 127, 15000, 7, 5, 'R구역 3', 'AVAILABLE'),
	(1, 128, 15000, 8, 5, 'R구역 3', 'AVAILABLE'),
	(1, 129, 15000, 9, 5, 'R구역 3', 'AVAILABLE'),
	(1, 130, 15000, 10, 5, 'R구역 3', 'AVAILABLE'),
	(1, 131, 15000, 11, 5, 'R구역 3', 'AVAILABLE'),
	(1, 132, 15000, 12, 5, 'R구역 3', 'AVAILABLE'),
	(1, 133, 15000, 13, 5, 'R구역 3', 'AVAILABLE'),
	(1, 134, 15000, 14, 5, 'R구역 3', 'AVAILABLE'),
	(1, 135, 15000, 15, 5, 'R구역 3', 'AVAILABLE'),
	(1, 136, 15000, 16, 5, 'R구역 3', 'AVAILABLE'),
	(1, 137, 15000, 17, 5, 'R구역 3', 'AVAILABLE'),
	(1, 138, 15000, 18, 5, 'R구역 3', 'AVAILABLE'),
	(1, 139, 15000, 19, 5, 'R구역 3', 'AVAILABLE'),
	(1, 140, 15000, 20, 5, 'R구역 3', 'AVAILABLE'),
	(1, 141, 15000, 21, 5, 'R구역 3', 'AVAILABLE'),
	(1, 142, 15000, 22, 5, 'R구역 3', 'AVAILABLE'),
	(1, 143, 15000, 23, 5, 'R구역 3', 'AVAILABLE'),
	(1, 144, 15000, 24, 5, 'R구역 3', 'AVAILABLE'),
	(1, 145, 15000, 25, 5, 'R구역 3', 'AVAILABLE'),
	(1, 146, 15000, 26, 5, 'R구역 3', 'AVAILABLE'),
	(1, 147, 15000, 27, 5, 'R구역 3', 'AVAILABLE'),
	(1, 148, 15000, 28, 5, 'R구역 3', 'AVAILABLE'),
	(1, 149, 15000, 29, 5, 'R구역 3', 'AVAILABLE'),
	(1, 150, 15000, 30, 5, 'R구역 3', 'AVAILABLE'),
	(1, 151, 15000, 1, 6, 'R구역 4', 'AVAILABLE'),
	(1, 152, 15000, 2, 6, 'R구역 4', 'AVAILABLE'),
	(1, 153, 15000, 3, 6, 'R구역 4', 'AVAILABLE'),
	(1, 154, 15000, 4, 6, 'R구역 4', 'AVAILABLE'),
	(1, 155, 15000, 5, 6, 'R구역 4', 'AVAILABLE'),
	(1, 156, 15000, 6, 6, 'R구역 4', 'AVAILABLE'),
	(1, 157, 15000, 7, 6, 'R구역 4', 'AVAILABLE'),
	(1, 158, 15000, 8, 6, 'R구역 4', 'AVAILABLE'),
	(1, 159, 15000, 9, 6, 'R구역 4', 'AVAILABLE'),
	(1, 160, 15000, 10, 6, 'R구역 4', 'AVAILABLE'),
	(1, 161, 15000, 11, 6, 'R구역 4', 'AVAILABLE'),
	(1, 162, 15000, 12, 6, 'R구역 4', 'AVAILABLE'),
	(1, 163, 15000, 13, 6, 'R구역 4', 'AVAILABLE'),
	(1, 164, 15000, 14, 6, 'R구역 4', 'AVAILABLE'),
	(1, 165, 15000, 15, 6, 'R구역 4', 'AVAILABLE'),
	(1, 166, 15000, 16, 6, 'R구역 4', 'AVAILABLE'),
	(1, 167, 15000, 17, 6, 'R구역 4', 'AVAILABLE'),
	(1, 168, 15000, 18, 6, 'R구역 4', 'AVAILABLE'),
	(1, 169, 15000, 19, 6, 'R구역 4', 'AVAILABLE'),
	(1, 170, 15000, 20, 6, 'R구역 4', 'AVAILABLE'),
	(1, 171, 15000, 21, 6, 'R구역 4', 'AVAILABLE'),
	(1, 172, 15000, 22, 6, 'R구역 4', 'AVAILABLE'),
	(1, 173, 15000, 23, 6, 'R구역 4', 'AVAILABLE'),
	(1, 174, 15000, 24, 6, 'R구역 4', 'AVAILABLE'),
	(1, 175, 15000, 25, 6, 'R구역 4', 'AVAILABLE'),
	(1, 176, 15000, 26, 6, 'R구역 4', 'AVAILABLE'),
	(1, 177, 15000, 27, 6, 'R구역 4', 'AVAILABLE'),
	(1, 178, 15000, 28, 6, 'R구역 4', 'AVAILABLE'),
	(1, 179, 15000, 29, 6, 'R구역 4', 'AVAILABLE'),
	(1, 180, 15000, 30, 6, 'R구역 4', 'AVAILABLE'),
	(1, 181, 10000, 1, 7, 'W구역 1', 'AVAILABLE'),
	(1, 182, 10000, 2, 7, 'W구역 1', 'AVAILABLE'),
	(1, 183, 10000, 3, 7, 'W구역 1', 'AVAILABLE'),
	(1, 184, 10000, 4, 7, 'W구역 1', 'AVAILABLE'),
	(1, 185, 10000, 5, 7, 'W구역 1', 'AVAILABLE'),
	(1, 186, 10000, 6, 7, 'W구역 1', 'AVAILABLE'),
	(1, 187, 10000, 7, 7, 'W구역 1', 'AVAILABLE'),
	(1, 188, 10000, 8, 7, 'W구역 1', 'AVAILABLE'),
	(1, 189, 10000, 9, 7, 'W구역 1', 'AVAILABLE'),
	(1, 190, 10000, 10, 7, 'W구역 1', 'AVAILABLE'),
	(1, 191, 10000, 11, 7, 'W구역 1', 'AVAILABLE'),
	(1, 192, 10000, 12, 7, 'W구역 1', 'AVAILABLE'),
	(1, 193, 10000, 13, 7, 'W구역 1', 'AVAILABLE'),
	(1, 194, 10000, 14, 7, 'W구역 1', 'AVAILABLE'),
	(1, 195, 10000, 15, 7, 'W구역 1', 'AVAILABLE'),
	(1, 196, 10000, 16, 7, 'W구역 1', 'AVAILABLE'),
	(1, 197, 10000, 17, 7, 'W구역 1', 'AVAILABLE'),
	(1, 198, 10000, 18, 7, 'W구역 1', 'AVAILABLE'),
	(1, 199, 10000, 19, 7, 'W구역 1', 'AVAILABLE'),
	(1, 200, 10000, 20, 7, 'W구역 1', 'AVAILABLE'),
	(1, 201, 10000, 21, 7, 'W구역 1', 'AVAILABLE'),
	(1, 202, 10000, 22, 7, 'W구역 1', 'AVAILABLE'),
	(1, 203, 10000, 23, 7, 'W구역 1', 'AVAILABLE'),
	(1, 204, 10000, 24, 7, 'W구역 1', 'AVAILABLE'),
	(1, 205, 10000, 25, 7, 'W구역 1', 'AVAILABLE'),
	(1, 206, 10000, 26, 7, 'W구역 1', 'AVAILABLE'),
	(1, 207, 10000, 27, 7, 'W구역 1', 'AVAILABLE'),
	(1, 208, 10000, 28, 7, 'W구역 1', 'AVAILABLE'),
	(1, 209, 10000, 29, 7, 'W구역 1', 'AVAILABLE'),
	(1, 210, 10000, 30, 7, 'W구역 1', 'AVAILABLE'),
	(1, 211, 10000, 1, 8, 'W구역 2', 'AVAILABLE'),
	(1, 212, 10000, 2, 8, 'W구역 2', 'AVAILABLE'),
	(1, 213, 10000, 3, 8, 'W구역 2', 'AVAILABLE'),
	(1, 214, 10000, 4, 8, 'W구역 2', 'AVAILABLE'),
	(1, 215, 10000, 5, 8, 'W구역 2', 'AVAILABLE'),
	(1, 216, 10000, 6, 8, 'W구역 2', 'AVAILABLE'),
	(1, 217, 10000, 7, 8, 'W구역 2', 'AVAILABLE'),
	(1, 218, 10000, 8, 8, 'W구역 2', 'AVAILABLE'),
	(1, 219, 10000, 9, 8, 'W구역 2', 'AVAILABLE'),
	(1, 220, 10000, 10, 8, 'W구역 2', 'AVAILABLE'),
	(1, 221, 10000, 11, 8, 'W구역 2', 'AVAILABLE'),
	(1, 222, 10000, 12, 8, 'W구역 2', 'AVAILABLE'),
	(1, 223, 10000, 13, 8, 'W구역 2', 'AVAILABLE'),
	(1, 224, 10000, 14, 8, 'W구역 2', 'AVAILABLE'),
	(1, 225, 10000, 15, 8, 'W구역 2', 'AVAILABLE'),
	(1, 226, 10000, 16, 8, 'W구역 2', 'AVAILABLE'),
	(1, 227, 10000, 17, 8, 'W구역 2', 'AVAILABLE'),
	(1, 228, 10000, 18, 8, 'W구역 2', 'AVAILABLE'),
	(1, 229, 10000, 19, 8, 'W구역 2', 'AVAILABLE'),
	(1, 230, 10000, 20, 8, 'W구역 2', 'AVAILABLE'),
	(1, 231, 10000, 21, 8, 'W구역 2', 'AVAILABLE'),
	(1, 232, 10000, 22, 8, 'W구역 2', 'AVAILABLE'),
	(1, 233, 10000, 23, 8, 'W구역 2', 'AVAILABLE'),
	(1, 234, 10000, 24, 8, 'W구역 2', 'AVAILABLE'),
	(1, 235, 10000, 25, 8, 'W구역 2', 'AVAILABLE'),
	(1, 236, 10000, 26, 8, 'W구역 2', 'AVAILABLE'),
	(1, 237, 10000, 27, 8, 'W구역 2', 'AVAILABLE'),
	(1, 238, 10000, 28, 8, 'W구역 2', 'AVAILABLE'),
	(1, 239, 10000, 29, 8, 'W구역 2', 'AVAILABLE'),
	(1, 240, 10000, 30, 8, 'W구역 2', 'AVAILABLE'),
	(1, 241, 10000, 1, 9, 'E구역 1', 'AVAILABLE'),
	(1, 242, 10000, 2, 9, 'E구역 1', 'AVAILABLE'),
	(1, 243, 10000, 3, 9, 'E구역 1', 'AVAILABLE'),
	(1, 244, 10000, 4, 9, 'E구역 1', 'AVAILABLE'),
	(1, 245, 10000, 5, 9, 'E구역 1', 'AVAILABLE'),
	(1, 246, 10000, 6, 9, 'E구역 1', 'AVAILABLE'),
	(1, 247, 10000, 7, 9, 'E구역 1', 'AVAILABLE'),
	(1, 248, 10000, 8, 9, 'E구역 1', 'AVAILABLE'),
	(1, 249, 10000, 9, 9, 'E구역 1', 'AVAILABLE'),
	(1, 250, 10000, 10, 9, 'E구역 1', 'AVAILABLE'),
	(1, 251, 10000, 11, 9, 'E구역 1', 'AVAILABLE'),
	(1, 252, 10000, 12, 9, 'E구역 1', 'AVAILABLE'),
	(1, 253, 10000, 13, 9, 'E구역 1', 'AVAILABLE'),
	(1, 254, 10000, 14, 9, 'E구역 1', 'AVAILABLE'),
	(1, 255, 10000, 15, 9, 'E구역 1', 'AVAILABLE'),
	(1, 256, 10000, 16, 9, 'E구역 1', 'AVAILABLE'),
	(1, 257, 10000, 17, 9, 'E구역 1', 'AVAILABLE'),
	(1, 258, 10000, 18, 9, 'E구역 1', 'AVAILABLE'),
	(1, 259, 10000, 19, 9, 'E구역 1', 'AVAILABLE'),
	(1, 260, 10000, 20, 9, 'E구역 1', 'AVAILABLE'),
	(1, 261, 10000, 21, 9, 'E구역 1', 'AVAILABLE'),
	(1, 262, 10000, 22, 9, 'E구역 1', 'AVAILABLE'),
	(1, 263, 10000, 23, 9, 'E구역 1', 'AVAILABLE'),
	(1, 264, 10000, 24, 9, 'E구역 1', 'AVAILABLE'),
	(1, 265, 10000, 25, 9, 'E구역 1', 'AVAILABLE'),
	(1, 266, 10000, 26, 9, 'E구역 1', 'AVAILABLE'),
	(1, 267, 10000, 27, 9, 'E구역 1', 'AVAILABLE'),
	(1, 268, 10000, 28, 9, 'E구역 1', 'AVAILABLE'),
	(1, 269, 10000, 29, 9, 'E구역 1', 'AVAILABLE'),
	(1, 270, 10000, 30, 9, 'E구역 1', 'AVAILABLE'),
	(1, 271, 10000, 1, 10, 'E구역 2', 'AVAILABLE'),
	(1, 272, 10000, 2, 10, 'E구역 2', 'AVAILABLE'),
	(1, 273, 10000, 3, 10, 'E구역 2', 'AVAILABLE'),
	(1, 274, 10000, 4, 10, 'E구역 2', 'AVAILABLE'),
	(1, 275, 10000, 5, 10, 'E구역 2', 'AVAILABLE'),
	(1, 276, 10000, 6, 10, 'E구역 2', 'AVAILABLE'),
	(1, 277, 10000, 7, 10, 'E구역 2', 'AVAILABLE'),
	(1, 278, 10000, 8, 10, 'E구역 2', 'AVAILABLE'),
	(1, 279, 10000, 9, 10, 'E구역 2', 'AVAILABLE'),
	(1, 280, 10000, 10, 10, 'E구역 2', 'AVAILABLE'),
	(1, 281, 10000, 11, 10, 'E구역 2', 'AVAILABLE'),
	(1, 282, 10000, 12, 10, 'E구역 2', 'AVAILABLE'),
	(1, 283, 10000, 13, 10, 'E구역 2', 'AVAILABLE'),
	(1, 284, 10000, 14, 10, 'E구역 2', 'AVAILABLE'),
	(1, 285, 10000, 15, 10, 'E구역 2', 'AVAILABLE'),
	(1, 286, 10000, 16, 10, 'E구역 2', 'AVAILABLE'),
	(1, 287, 10000, 17, 10, 'E구역 2', 'AVAILABLE'),
	(1, 288, 10000, 18, 10, 'E구역 2', 'AVAILABLE'),
	(1, 289, 10000, 19, 10, 'E구역 2', 'AVAILABLE'),
	(1, 290, 10000, 20, 10, 'E구역 2', 'AVAILABLE'),
	(1, 291, 10000, 21, 10, 'E구역 2', 'AVAILABLE'),
	(1, 292, 10000, 22, 10, 'E구역 2', 'AVAILABLE'),
	(1, 293, 10000, 23, 10, 'E구역 2', 'AVAILABLE'),
	(1, 294, 10000, 24, 10, 'E구역 2', 'AVAILABLE'),
	(1, 295, 10000, 25, 10, 'E구역 2', 'AVAILABLE'),
	(1, 296, 10000, 26, 10, 'E구역 2', 'AVAILABLE'),
	(1, 297, 10000, 27, 10, 'E구역 2', 'AVAILABLE'),
	(1, 298, 10000, 28, 10, 'E구역 2', 'AVAILABLE'),
	(1, 299, 10000, 29, 10, 'E구역 2', 'AVAILABLE'),
	(1, 300, 10000, 30, 10, 'E구역 2', 'AVAILABLE'),
	(1, 301, 10000, 1, 11, 'E구역 3', 'AVAILABLE'),
	(1, 302, 10000, 2, 11, 'E구역 3', 'AVAILABLE'),
	(1, 303, 10000, 3, 11, 'E구역 3', 'AVAILABLE'),
	(1, 304, 10000, 4, 11, 'E구역 3', 'AVAILABLE'),
	(1, 305, 10000, 5, 11, 'E구역 3', 'AVAILABLE'),
	(1, 306, 10000, 6, 11, 'E구역 3', 'AVAILABLE'),
	(1, 307, 10000, 7, 11, 'E구역 3', 'AVAILABLE'),
	(1, 308, 10000, 8, 11, 'E구역 3', 'AVAILABLE'),
	(1, 309, 10000, 9, 11, 'E구역 3', 'AVAILABLE'),
	(1, 310, 10000, 10, 11, 'E구역 3', 'AVAILABLE'),
	(1, 311, 10000, 11, 11, 'E구역 3', 'AVAILABLE'),
	(1, 312, 10000, 12, 11, 'E구역 3', 'AVAILABLE'),
	(1, 313, 10000, 13, 11, 'E구역 3', 'AVAILABLE'),
	(1, 314, 10000, 14, 11, 'E구역 3', 'AVAILABLE'),
	(1, 315, 10000, 15, 11, 'E구역 3', 'AVAILABLE'),
	(1, 316, 10000, 16, 11, 'E구역 3', 'AVAILABLE'),
	(1, 317, 10000, 17, 11, 'E구역 3', 'AVAILABLE'),
	(1, 318, 10000, 18, 11, 'E구역 3', 'AVAILABLE'),
	(1, 319, 10000, 19, 11, 'E구역 3', 'AVAILABLE'),
	(1, 320, 10000, 20, 11, 'E구역 3', 'AVAILABLE'),
	(1, 321, 10000, 21, 11, 'E구역 3', 'AVAILABLE'),
	(1, 322, 10000, 22, 11, 'E구역 3', 'AVAILABLE'),
	(1, 323, 10000, 23, 11, 'E구역 3', 'AVAILABLE'),
	(1, 324, 10000, 24, 11, 'E구역 3', 'AVAILABLE'),
	(1, 325, 10000, 25, 11, 'E구역 3', 'AVAILABLE'),
	(1, 326, 10000, 26, 11, 'E구역 3', 'AVAILABLE'),
	(1, 327, 10000, 27, 11, 'E구역 3', 'AVAILABLE'),
	(1, 328, 10000, 28, 11, 'E구역 3', 'AVAILABLE'),
	(1, 329, 10000, 29, 11, 'E구역 3', 'AVAILABLE'),
	(1, 330, 10000, 30, 11, 'E구역 3', 'AVAILABLE'),
	(1, 331, 10000, 1, 12, 'E구역 4', 'AVAILABLE'),
	(1, 332, 10000, 2, 12, 'E구역 4', 'AVAILABLE'),
	(1, 333, 10000, 3, 12, 'E구역 4', 'AVAILABLE'),
	(1, 334, 10000, 4, 12, 'E구역 4', 'AVAILABLE'),
	(1, 335, 10000, 5, 12, 'E구역 4', 'AVAILABLE'),
	(1, 336, 10000, 6, 12, 'E구역 4', 'AVAILABLE'),
	(1, 337, 10000, 7, 12, 'E구역 4', 'AVAILABLE'),
	(1, 338, 10000, 8, 12, 'E구역 4', 'AVAILABLE'),
	(1, 339, 10000, 9, 12, 'E구역 4', 'AVAILABLE'),
	(1, 340, 10000, 10, 12, 'E구역 4', 'AVAILABLE'),
	(1, 341, 10000, 11, 12, 'E구역 4', 'AVAILABLE'),
	(1, 342, 10000, 12, 12, 'E구역 4', 'AVAILABLE'),
	(1, 343, 10000, 13, 12, 'E구역 4', 'AVAILABLE'),
	(1, 344, 10000, 14, 12, 'E구역 4', 'AVAILABLE'),
	(1, 345, 10000, 15, 12, 'E구역 4', 'AVAILABLE'),
	(1, 346, 10000, 16, 12, 'E구역 4', 'AVAILABLE'),
	(1, 347, 10000, 17, 12, 'E구역 4', 'AVAILABLE'),
	(1, 348, 10000, 18, 12, 'E구역 4', 'AVAILABLE'),
	(1, 349, 10000, 19, 12, 'E구역 4', 'AVAILABLE'),
	(1, 350, 10000, 20, 12, 'E구역 4', 'AVAILABLE'),
	(1, 351, 10000, 21, 12, 'E구역 4', 'AVAILABLE'),
	(1, 352, 10000, 22, 12, 'E구역 4', 'AVAILABLE'),
	(1, 353, 10000, 23, 12, 'E구역 4', 'AVAILABLE'),
	(1, 354, 10000, 24, 12, 'E구역 4', 'AVAILABLE'),
	(1, 355, 10000, 25, 12, 'E구역 4', 'AVAILABLE'),
	(1, 356, 10000, 26, 12, 'E구역 4', 'AVAILABLE'),
	(1, 357, 10000, 27, 12, 'E구역 4', 'AVAILABLE'),
	(1, 358, 10000, 28, 12, 'E구역 4', 'AVAILABLE'),
	(1, 359, 10000, 29, 12, 'E구역 4', 'AVAILABLE'),
	(1, 360, 10000, 30, 12, 'E구역 4', 'AVAILABLE'),
	(13, 2161, 20000, 1, 1, 'S구역 1', 'SOLD'),
	(13, 2162, 20000, 2, 1, 'S구역 1', 'AVAILABLE'),
	(13, 2163, 20000, 3, 1, 'S구역 1', 'SOLD'),
	(13, 2164, 20000, 4, 1, 'S구역 1', 'SOLD'),
	(13, 2165, 20000, 5, 1, 'S구역 1', 'SOLD'),
	(13, 2166, 20000, 6, 1, 'S구역 1', 'SOLD'),
	(13, 2167, 20000, 7, 1, 'S구역 1', 'SOLD'),
	(13, 2168, 20000, 8, 1, 'S구역 1', 'SOLD'),
	(13, 2169, 20000, 9, 1, 'S구역 1', 'SOLD'),
	(13, 2170, 20000, 10, 1, 'S구역 1', 'SOLD'),
	(13, 2171, 20000, 11, 1, 'S구역 1', 'SOLD'),
	(13, 2172, 20000, 12, 1, 'S구역 1', 'SOLD'),
	(13, 2173, 20000, 13, 1, 'S구역 1', 'AVAILABLE'),
	(13, 2174, 20000, 14, 1, 'S구역 1', 'SOLD'),
	(13, 2175, 20000, 15, 1, 'S구역 1', 'AVAILABLE'),
	(13, 2176, 20000, 16, 1, 'S구역 1', 'SOLD'),
	(13, 2177, 20000, 17, 1, 'S구역 1', 'SOLD'),
	(13, 2178, 20000, 18, 1, 'S구역 1', 'SOLD'),
	(13, 2179, 20000, 19, 1, 'S구역 1', 'SOLD'),
	(13, 2180, 20000, 20, 1, 'S구역 1', 'SOLD'),
	(13, 2181, 20000, 21, 1, 'S구역 1', 'SOLD'),
	(13, 2182, 20000, 22, 1, 'S구역 1', 'SOLD'),
	(13, 2183, 20000, 23, 1, 'S구역 1', 'SOLD'),
	(13, 2184, 20000, 24, 1, 'S구역 1', 'SOLD'),
	(13, 2185, 20000, 25, 1, 'S구역 1', 'AVAILABLE'),
	(13, 2186, 20000, 26, 1, 'S구역 1', 'AVAILABLE'),
	(13, 2187, 20000, 27, 1, 'S구역 1', 'AVAILABLE'),
	(13, 2188, 20000, 28, 1, 'S구역 1', 'AVAILABLE'),
	(13, 2189, 20000, 29, 1, 'S구역 1', 'SOLD'),
	(13, 2190, 20000, 30, 1, 'S구역 1', 'AVAILABLE'),
	(13, 2191, 20000, 1, 2, 'S구역 2', 'SOLD'),
	(13, 2192, 20000, 2, 2, 'S구역 2', 'SOLD'),
	(13, 2193, 20000, 3, 2, 'S구역 2', 'SOLD'),
	(13, 2194, 20000, 4, 2, 'S구역 2', 'SOLD'),
	(13, 2195, 20000, 5, 2, 'S구역 2', 'SOLD'),
	(13, 2196, 20000, 6, 2, 'S구역 2', 'AVAILABLE'),
	(13, 2197, 20000, 7, 2, 'S구역 2', 'SOLD'),
	(13, 2198, 20000, 8, 2, 'S구역 2', 'SOLD'),
	(13, 2199, 20000, 9, 2, 'S구역 2', 'SOLD'),
	(13, 2200, 20000, 10, 2, 'S구역 2', 'AVAILABLE'),
	(13, 2201, 20000, 11, 2, 'S구역 2', 'SOLD'),
	(13, 2202, 20000, 12, 2, 'S구역 2', 'AVAILABLE'),
	(13, 2203, 20000, 13, 2, 'S구역 2', 'AVAILABLE'),
	(13, 2204, 20000, 14, 2, 'S구역 2', 'AVAILABLE'),
	(13, 2205, 20000, 15, 2, 'S구역 2', 'SOLD'),
	(13, 2206, 20000, 16, 2, 'S구역 2', 'SOLD'),
	(13, 2207, 20000, 17, 2, 'S구역 2', 'AVAILABLE'),
	(13, 2208, 20000, 18, 2, 'S구역 2', 'AVAILABLE'),
	(13, 2209, 20000, 19, 2, 'S구역 2', 'AVAILABLE'),
	(13, 2210, 20000, 20, 2, 'S구역 2', 'SOLD'),
	(13, 2211, 20000, 21, 2, 'S구역 2', 'AVAILABLE'),
	(13, 2212, 20000, 22, 2, 'S구역 2', 'SOLD'),
	(13, 2213, 20000, 23, 2, 'S구역 2', 'AVAILABLE'),
	(13, 2214, 20000, 24, 2, 'S구역 2', 'AVAILABLE'),
	(13, 2215, 20000, 25, 2, 'S구역 2', 'SOLD'),
	(13, 2216, 20000, 26, 2, 'S구역 2', 'SOLD'),
	(13, 2217, 20000, 27, 2, 'S구역 2', 'SOLD'),
	(13, 2218, 20000, 28, 2, 'S구역 2', 'SOLD'),
	(13, 2219, 20000, 29, 2, 'S구역 2', 'SOLD'),
	(13, 2220, 20000, 30, 2, 'S구역 2', 'SOLD'),
	(13, 2221, 15000, 1, 3, 'R구역 1', 'AVAILABLE'),
	(13, 2222, 15000, 2, 3, 'R구역 1', 'AVAILABLE'),
	(13, 2223, 15000, 3, 3, 'R구역 1', 'SOLD'),
	(13, 2224, 15000, 4, 3, 'R구역 1', 'AVAILABLE'),
	(13, 2225, 15000, 5, 3, 'R구역 1', 'SOLD'),
	(13, 2226, 15000, 6, 3, 'R구역 1', 'AVAILABLE'),
	(13, 2227, 15000, 7, 3, 'R구역 1', 'AVAILABLE'),
	(13, 2228, 15000, 8, 3, 'R구역 1', 'AVAILABLE'),
	(13, 2229, 15000, 9, 3, 'R구역 1', 'AVAILABLE'),
	(13, 2230, 15000, 10, 3, 'R구역 1', 'AVAILABLE'),
	(13, 2231, 15000, 11, 3, 'R구역 1', 'AVAILABLE'),
	(13, 2232, 15000, 12, 3, 'R구역 1', 'AVAILABLE'),
	(13, 2233, 15000, 13, 3, 'R구역 1', 'AVAILABLE'),
	(13, 2234, 15000, 14, 3, 'R구역 1', 'SOLD'),
	(13, 2235, 15000, 15, 3, 'R구역 1', 'AVAILABLE'),
	(13, 2236, 15000, 16, 3, 'R구역 1', 'AVAILABLE'),
	(13, 2237, 15000, 17, 3, 'R구역 1', 'SOLD'),
	(13, 2238, 15000, 18, 3, 'R구역 1', 'AVAILABLE'),
	(13, 2239, 15000, 19, 3, 'R구역 1', 'AVAILABLE'),
	(13, 2240, 15000, 20, 3, 'R구역 1', 'AVAILABLE'),
	(13, 2241, 15000, 21, 3, 'R구역 1', 'AVAILABLE'),
	(13, 2242, 15000, 22, 3, 'R구역 1', 'AVAILABLE'),
	(13, 2243, 15000, 23, 3, 'R구역 1', 'AVAILABLE'),
	(13, 2244, 15000, 24, 3, 'R구역 1', 'AVAILABLE'),
	(13, 2245, 15000, 25, 3, 'R구역 1', 'AVAILABLE'),
	(13, 2246, 15000, 26, 3, 'R구역 1', 'AVAILABLE'),
	(13, 2247, 15000, 27, 3, 'R구역 1', 'AVAILABLE'),
	(13, 2248, 15000, 28, 3, 'R구역 1', 'AVAILABLE'),
	(13, 2249, 15000, 29, 3, 'R구역 1', 'AVAILABLE'),
	(13, 2250, 15000, 30, 3, 'R구역 1', 'SOLD'),
	(13, 2251, 15000, 1, 4, 'R구역 2', 'AVAILABLE'),
	(13, 2252, 15000, 2, 4, 'R구역 2', 'AVAILABLE'),
	(13, 2253, 15000, 3, 4, 'R구역 2', 'AVAILABLE'),
	(13, 2254, 15000, 4, 4, 'R구역 2', 'AVAILABLE'),
	(13, 2255, 15000, 5, 4, 'R구역 2', 'AVAILABLE'),
	(13, 2256, 15000, 6, 4, 'R구역 2', 'AVAILABLE'),
	(13, 2257, 15000, 7, 4, 'R구역 2', 'AVAILABLE'),
	(13, 2258, 15000, 8, 4, 'R구역 2', 'AVAILABLE'),
	(13, 2259, 15000, 9, 4, 'R구역 2', 'AVAILABLE'),
	(13, 2260, 15000, 10, 4, 'R구역 2', 'AVAILABLE'),
	(13, 2261, 15000, 11, 4, 'R구역 2', 'AVAILABLE'),
	(13, 2262, 15000, 12, 4, 'R구역 2', 'AVAILABLE'),
	(13, 2263, 15000, 13, 4, 'R구역 2', 'AVAILABLE'),
	(13, 2264, 15000, 14, 4, 'R구역 2', 'AVAILABLE'),
	(13, 2265, 15000, 15, 4, 'R구역 2', 'AVAILABLE'),
	(13, 2266, 15000, 16, 4, 'R구역 2', 'AVAILABLE'),
	(13, 2267, 15000, 17, 4, 'R구역 2', 'AVAILABLE'),
	(13, 2268, 15000, 18, 4, 'R구역 2', 'AVAILABLE'),
	(13, 2269, 15000, 19, 4, 'R구역 2', 'AVAILABLE'),
	(13, 2270, 15000, 20, 4, 'R구역 2', 'AVAILABLE'),
	(13, 2271, 15000, 21, 4, 'R구역 2', 'AVAILABLE'),
	(13, 2272, 15000, 22, 4, 'R구역 2', 'AVAILABLE'),
	(13, 2273, 15000, 23, 4, 'R구역 2', 'AVAILABLE'),
	(13, 2274, 15000, 24, 4, 'R구역 2', 'AVAILABLE'),
	(13, 2275, 15000, 25, 4, 'R구역 2', 'AVAILABLE'),
	(13, 2276, 15000, 26, 4, 'R구역 2', 'AVAILABLE'),
	(13, 2277, 15000, 27, 4, 'R구역 2', 'AVAILABLE'),
	(13, 2278, 15000, 28, 4, 'R구역 2', 'AVAILABLE'),
	(13, 2279, 15000, 29, 4, 'R구역 2', 'AVAILABLE'),
	(13, 2280, 15000, 30, 4, 'R구역 2', 'AVAILABLE'),
	(13, 2281, 15000, 1, 5, 'R구역 3', 'AVAILABLE'),
	(13, 2282, 15000, 2, 5, 'R구역 3', 'AVAILABLE'),
	(13, 2283, 15000, 3, 5, 'R구역 3', 'AVAILABLE'),
	(13, 2284, 15000, 4, 5, 'R구역 3', 'AVAILABLE'),
	(13, 2285, 15000, 5, 5, 'R구역 3', 'SOLD'),
	(13, 2286, 15000, 6, 5, 'R구역 3', 'AVAILABLE'),
	(13, 2287, 15000, 7, 5, 'R구역 3', 'AVAILABLE'),
	(13, 2288, 15000, 8, 5, 'R구역 3', 'AVAILABLE'),
	(13, 2289, 15000, 9, 5, 'R구역 3', 'AVAILABLE'),
	(13, 2290, 15000, 10, 5, 'R구역 3', 'AVAILABLE'),
	(13, 2291, 15000, 11, 5, 'R구역 3', 'AVAILABLE'),
	(13, 2292, 15000, 12, 5, 'R구역 3', 'AVAILABLE'),
	(13, 2293, 15000, 13, 5, 'R구역 3', 'AVAILABLE'),
	(13, 2294, 15000, 14, 5, 'R구역 3', 'AVAILABLE'),
	(13, 2295, 15000, 15, 5, 'R구역 3', 'AVAILABLE'),
	(13, 2296, 15000, 16, 5, 'R구역 3', 'AVAILABLE'),
	(13, 2297, 15000, 17, 5, 'R구역 3', 'AVAILABLE'),
	(13, 2298, 15000, 18, 5, 'R구역 3', 'AVAILABLE'),
	(13, 2299, 15000, 19, 5, 'R구역 3', 'AVAILABLE'),
	(13, 2300, 15000, 20, 5, 'R구역 3', 'AVAILABLE'),
	(13, 2301, 15000, 21, 5, 'R구역 3', 'AVAILABLE'),
	(13, 2302, 15000, 22, 5, 'R구역 3', 'AVAILABLE'),
	(13, 2303, 15000, 23, 5, 'R구역 3', 'AVAILABLE'),
	(13, 2304, 15000, 24, 5, 'R구역 3', 'AVAILABLE'),
	(13, 2305, 15000, 25, 5, 'R구역 3', 'AVAILABLE'),
	(13, 2306, 15000, 26, 5, 'R구역 3', 'AVAILABLE'),
	(13, 2307, 15000, 27, 5, 'R구역 3', 'AVAILABLE'),
	(13, 2308, 15000, 28, 5, 'R구역 3', 'AVAILABLE'),
	(13, 2309, 15000, 29, 5, 'R구역 3', 'AVAILABLE'),
	(13, 2310, 15000, 30, 5, 'R구역 3', 'AVAILABLE'),
	(13, 2311, 15000, 1, 6, 'R구역 4', 'AVAILABLE'),
	(13, 2312, 15000, 2, 6, 'R구역 4', 'AVAILABLE'),
	(13, 2313, 15000, 3, 6, 'R구역 4', 'AVAILABLE'),
	(13, 2314, 15000, 4, 6, 'R구역 4', 'AVAILABLE'),
	(13, 2315, 15000, 5, 6, 'R구역 4', 'AVAILABLE'),
	(13, 2316, 15000, 6, 6, 'R구역 4', 'AVAILABLE'),
	(13, 2317, 15000, 7, 6, 'R구역 4', 'AVAILABLE'),
	(13, 2318, 15000, 8, 6, 'R구역 4', 'AVAILABLE'),
	(13, 2319, 15000, 9, 6, 'R구역 4', 'AVAILABLE'),
	(13, 2320, 15000, 10, 6, 'R구역 4', 'SOLD'),
	(13, 2321, 15000, 11, 6, 'R구역 4', 'AVAILABLE'),
	(13, 2322, 15000, 12, 6, 'R구역 4', 'AVAILABLE'),
	(13, 2323, 15000, 13, 6, 'R구역 4', 'AVAILABLE'),
	(13, 2324, 15000, 14, 6, 'R구역 4', 'AVAILABLE'),
	(13, 2325, 15000, 15, 6, 'R구역 4', 'AVAILABLE'),
	(13, 2326, 15000, 16, 6, 'R구역 4', 'AVAILABLE'),
	(13, 2327, 15000, 17, 6, 'R구역 4', 'AVAILABLE'),
	(13, 2328, 15000, 18, 6, 'R구역 4', 'AVAILABLE'),
	(13, 2329, 15000, 19, 6, 'R구역 4', 'AVAILABLE'),
	(13, 2330, 15000, 20, 6, 'R구역 4', 'AVAILABLE'),
	(13, 2331, 15000, 21, 6, 'R구역 4', 'AVAILABLE'),
	(13, 2332, 15000, 22, 6, 'R구역 4', 'AVAILABLE'),
	(13, 2333, 15000, 23, 6, 'R구역 4', 'AVAILABLE'),
	(13, 2334, 15000, 24, 6, 'R구역 4', 'AVAILABLE'),
	(13, 2335, 15000, 25, 6, 'R구역 4', 'AVAILABLE'),
	(13, 2336, 15000, 26, 6, 'R구역 4', 'AVAILABLE'),
	(13, 2337, 15000, 27, 6, 'R구역 4', 'AVAILABLE'),
	(13, 2338, 15000, 28, 6, 'R구역 4', 'AVAILABLE'),
	(13, 2339, 15000, 29, 6, 'R구역 4', 'AVAILABLE'),
	(13, 2340, 15000, 30, 6, 'R구역 4', 'AVAILABLE'),
	(13, 2341, 10000, 1, 7, 'W구역 1', 'AVAILABLE'),
	(13, 2342, 10000, 2, 7, 'W구역 1', 'SOLD'),
	(13, 2343, 10000, 3, 7, 'W구역 1', 'AVAILABLE'),
	(13, 2344, 10000, 4, 7, 'W구역 1', 'AVAILABLE'),
	(13, 2345, 10000, 5, 7, 'W구역 1', 'AVAILABLE'),
	(13, 2346, 10000, 6, 7, 'W구역 1', 'AVAILABLE'),
	(13, 2347, 10000, 7, 7, 'W구역 1', 'AVAILABLE'),
	(13, 2348, 10000, 8, 7, 'W구역 1', 'AVAILABLE'),
	(13, 2349, 10000, 9, 7, 'W구역 1', 'SOLD'),
	(13, 2350, 10000, 10, 7, 'W구역 1', 'AVAILABLE'),
	(13, 2351, 10000, 11, 7, 'W구역 1', 'AVAILABLE'),
	(13, 2352, 10000, 12, 7, 'W구역 1', 'AVAILABLE'),
	(13, 2353, 10000, 13, 7, 'W구역 1', 'AVAILABLE'),
	(13, 2354, 10000, 14, 7, 'W구역 1', 'AVAILABLE'),
	(13, 2355, 10000, 15, 7, 'W구역 1', 'AVAILABLE'),
	(13, 2356, 10000, 16, 7, 'W구역 1', 'AVAILABLE'),
	(13, 2357, 10000, 17, 7, 'W구역 1', 'AVAILABLE'),
	(13, 2358, 10000, 18, 7, 'W구역 1', 'AVAILABLE'),
	(13, 2359, 10000, 19, 7, 'W구역 1', 'AVAILABLE'),
	(13, 2360, 10000, 20, 7, 'W구역 1', 'AVAILABLE'),
	(13, 2361, 10000, 21, 7, 'W구역 1', 'SOLD'),
	(13, 2362, 10000, 22, 7, 'W구역 1', 'SOLD'),
	(13, 2363, 10000, 23, 7, 'W구역 1', 'AVAILABLE'),
	(13, 2364, 10000, 24, 7, 'W구역 1', 'AVAILABLE'),
	(13, 2365, 10000, 25, 7, 'W구역 1', 'AVAILABLE'),
	(13, 2366, 10000, 26, 7, 'W구역 1', 'AVAILABLE'),
	(13, 2367, 10000, 27, 7, 'W구역 1', 'AVAILABLE'),
	(13, 2368, 10000, 28, 7, 'W구역 1', 'AVAILABLE'),
	(13, 2369, 10000, 29, 7, 'W구역 1', 'AVAILABLE'),
	(13, 2370, 10000, 30, 7, 'W구역 1', 'AVAILABLE'),
	(13, 2371, 10000, 1, 8, 'W구역 2', 'AVAILABLE'),
	(13, 2372, 10000, 2, 8, 'W구역 2', 'AVAILABLE'),
	(13, 2373, 10000, 3, 8, 'W구역 2', 'AVAILABLE'),
	(13, 2374, 10000, 4, 8, 'W구역 2', 'AVAILABLE'),
	(13, 2375, 10000, 5, 8, 'W구역 2', 'SOLD'),
	(13, 2376, 10000, 6, 8, 'W구역 2', 'AVAILABLE'),
	(13, 2377, 10000, 7, 8, 'W구역 2', 'AVAILABLE'),
	(13, 2378, 10000, 8, 8, 'W구역 2', 'AVAILABLE'),
	(13, 2379, 10000, 9, 8, 'W구역 2', 'SOLD'),
	(13, 2380, 10000, 10, 8, 'W구역 2', 'SOLD'),
	(13, 2381, 10000, 11, 8, 'W구역 2', 'SOLD'),
	(13, 2382, 10000, 12, 8, 'W구역 2', 'AVAILABLE'),
	(13, 2383, 10000, 13, 8, 'W구역 2', 'AVAILABLE'),
	(13, 2384, 10000, 14, 8, 'W구역 2', 'SOLD'),
	(13, 2385, 10000, 15, 8, 'W구역 2', 'AVAILABLE'),
	(13, 2386, 10000, 16, 8, 'W구역 2', 'AVAILABLE'),
	(13, 2387, 10000, 17, 8, 'W구역 2', 'AVAILABLE'),
	(13, 2388, 10000, 18, 8, 'W구역 2', 'AVAILABLE'),
	(13, 2389, 10000, 19, 8, 'W구역 2', 'AVAILABLE'),
	(13, 2390, 10000, 20, 8, 'W구역 2', 'AVAILABLE'),
	(13, 2391, 10000, 21, 8, 'W구역 2', 'AVAILABLE'),
	(13, 2392, 10000, 22, 8, 'W구역 2', 'SOLD'),
	(13, 2393, 10000, 23, 8, 'W구역 2', 'AVAILABLE'),
	(13, 2394, 10000, 24, 8, 'W구역 2', 'AVAILABLE'),
	(13, 2395, 10000, 25, 8, 'W구역 2', 'AVAILABLE'),
	(13, 2396, 10000, 26, 8, 'W구역 2', 'AVAILABLE'),
	(13, 2397, 10000, 27, 8, 'W구역 2', 'AVAILABLE'),
	(13, 2398, 10000, 28, 8, 'W구역 2', 'AVAILABLE'),
	(13, 2399, 10000, 29, 8, 'W구역 2', 'AVAILABLE'),
	(13, 2400, 10000, 30, 8, 'W구역 2', 'AVAILABLE'),
	(13, 2401, 10000, 1, 9, 'E구역 1', 'AVAILABLE'),
	(13, 2402, 10000, 2, 9, 'E구역 1', 'AVAILABLE'),
	(13, 2403, 10000, 3, 9, 'E구역 1', 'AVAILABLE'),
	(13, 2404, 10000, 4, 9, 'E구역 1', 'SOLD'),
	(13, 2405, 10000, 5, 9, 'E구역 1', 'SOLD'),
	(13, 2406, 10000, 6, 9, 'E구역 1', 'AVAILABLE'),
	(13, 2407, 10000, 7, 9, 'E구역 1', 'SOLD'),
	(13, 2408, 10000, 8, 9, 'E구역 1', 'AVAILABLE'),
	(13, 2409, 10000, 9, 9, 'E구역 1', 'SOLD'),
	(13, 2410, 10000, 10, 9, 'E구역 1', 'AVAILABLE'),
	(13, 2411, 10000, 11, 9, 'E구역 1', 'AVAILABLE'),
	(13, 2412, 10000, 12, 9, 'E구역 1', 'AVAILABLE'),
	(13, 2413, 10000, 13, 9, 'E구역 1', 'AVAILABLE'),
	(13, 2414, 10000, 14, 9, 'E구역 1', 'SOLD'),
	(13, 2415, 10000, 15, 9, 'E구역 1', 'AVAILABLE'),
	(13, 2416, 10000, 16, 9, 'E구역 1', 'SOLD'),
	(13, 2417, 10000, 17, 9, 'E구역 1', 'AVAILABLE'),
	(13, 2418, 10000, 18, 9, 'E구역 1', 'AVAILABLE'),
	(13, 2419, 10000, 19, 9, 'E구역 1', 'AVAILABLE'),
	(13, 2420, 10000, 20, 9, 'E구역 1', 'SOLD'),
	(13, 2421, 10000, 21, 9, 'E구역 1', 'AVAILABLE'),
	(13, 2422, 10000, 22, 9, 'E구역 1', 'AVAILABLE'),
	(13, 2423, 10000, 23, 9, 'E구역 1', 'SOLD'),
	(13, 2424, 10000, 24, 9, 'E구역 1', 'AVAILABLE'),
	(13, 2425, 10000, 25, 9, 'E구역 1', 'AVAILABLE'),
	(13, 2426, 10000, 26, 9, 'E구역 1', 'AVAILABLE'),
	(13, 2427, 10000, 27, 9, 'E구역 1', 'AVAILABLE'),
	(13, 2428, 10000, 28, 9, 'E구역 1', 'SOLD'),
	(13, 2429, 10000, 29, 9, 'E구역 1', 'AVAILABLE'),
	(13, 2430, 10000, 30, 9, 'E구역 1', 'AVAILABLE'),
	(13, 2431, 10000, 1, 10, 'E구역 2', 'AVAILABLE'),
	(13, 2432, 10000, 2, 10, 'E구역 2', 'AVAILABLE'),
	(13, 2433, 10000, 3, 10, 'E구역 2', 'AVAILABLE'),
	(13, 2434, 10000, 4, 10, 'E구역 2', 'AVAILABLE'),
	(13, 2435, 10000, 5, 10, 'E구역 2', 'AVAILABLE'),
	(13, 2436, 10000, 6, 10, 'E구역 2', 'AVAILABLE'),
	(13, 2437, 10000, 7, 10, 'E구역 2', 'AVAILABLE'),
	(13, 2438, 10000, 8, 10, 'E구역 2', 'AVAILABLE'),
	(13, 2439, 10000, 9, 10, 'E구역 2', 'AVAILABLE'),
	(13, 2440, 10000, 10, 10, 'E구역 2', 'AVAILABLE'),
	(13, 2441, 10000, 11, 10, 'E구역 2', 'AVAILABLE'),
	(13, 2442, 10000, 12, 10, 'E구역 2', 'AVAILABLE'),
	(13, 2443, 10000, 13, 10, 'E구역 2', 'AVAILABLE'),
	(13, 2444, 10000, 14, 10, 'E구역 2', 'AVAILABLE'),
	(13, 2445, 10000, 15, 10, 'E구역 2', 'AVAILABLE'),
	(13, 2446, 10000, 16, 10, 'E구역 2', 'AVAILABLE'),
	(13, 2447, 10000, 17, 10, 'E구역 2', 'AVAILABLE'),
	(13, 2448, 10000, 18, 10, 'E구역 2', 'AVAILABLE'),
	(13, 2449, 10000, 19, 10, 'E구역 2', 'AVAILABLE'),
	(13, 2450, 10000, 20, 10, 'E구역 2', 'AVAILABLE'),
	(13, 2451, 10000, 21, 10, 'E구역 2', 'AVAILABLE'),
	(13, 2452, 10000, 22, 10, 'E구역 2', 'AVAILABLE'),
	(13, 2453, 10000, 23, 10, 'E구역 2', 'AVAILABLE'),
	(13, 2454, 10000, 24, 10, 'E구역 2', 'AVAILABLE'),
	(13, 2455, 10000, 25, 10, 'E구역 2', 'AVAILABLE'),
	(13, 2456, 10000, 26, 10, 'E구역 2', 'AVAILABLE'),
	(13, 2457, 10000, 27, 10, 'E구역 2', 'AVAILABLE'),
	(13, 2458, 10000, 28, 10, 'E구역 2', 'AVAILABLE'),
	(13, 2459, 10000, 29, 10, 'E구역 2', 'AVAILABLE'),
	(13, 2460, 10000, 30, 10, 'E구역 2', 'AVAILABLE'),
	(13, 2461, 10000, 1, 11, 'E구역 3', 'AVAILABLE'),
	(13, 2462, 10000, 2, 11, 'E구역 3', 'AVAILABLE'),
	(13, 2463, 10000, 3, 11, 'E구역 3', 'AVAILABLE'),
	(13, 2464, 10000, 4, 11, 'E구역 3', 'AVAILABLE'),
	(13, 2465, 10000, 5, 11, 'E구역 3', 'AVAILABLE'),
	(13, 2466, 10000, 6, 11, 'E구역 3', 'AVAILABLE'),
	(13, 2467, 10000, 7, 11, 'E구역 3', 'AVAILABLE'),
	(13, 2468, 10000, 8, 11, 'E구역 3', 'SOLD'),
	(13, 2469, 10000, 9, 11, 'E구역 3', 'AVAILABLE'),
	(13, 2470, 10000, 10, 11, 'E구역 3', 'AVAILABLE'),
	(13, 2471, 10000, 11, 11, 'E구역 3', 'AVAILABLE'),
	(13, 2472, 10000, 12, 11, 'E구역 3', 'AVAILABLE'),
	(13, 2473, 10000, 13, 11, 'E구역 3', 'AVAILABLE'),
	(13, 2474, 10000, 14, 11, 'E구역 3', 'AVAILABLE'),
	(13, 2475, 10000, 15, 11, 'E구역 3', 'AVAILABLE'),
	(13, 2476, 10000, 16, 11, 'E구역 3', 'AVAILABLE'),
	(13, 2477, 10000, 17, 11, 'E구역 3', 'AVAILABLE'),
	(13, 2478, 10000, 18, 11, 'E구역 3', 'AVAILABLE'),
	(13, 2479, 10000, 19, 11, 'E구역 3', 'AVAILABLE'),
	(13, 2480, 10000, 20, 11, 'E구역 3', 'AVAILABLE'),
	(13, 2481, 10000, 21, 11, 'E구역 3', 'AVAILABLE'),
	(13, 2482, 10000, 22, 11, 'E구역 3', 'AVAILABLE'),
	(13, 2483, 10000, 23, 11, 'E구역 3', 'AVAILABLE'),
	(13, 2484, 10000, 24, 11, 'E구역 3', 'AVAILABLE'),
	(13, 2485, 10000, 25, 11, 'E구역 3', 'AVAILABLE'),
	(13, 2486, 10000, 26, 11, 'E구역 3', 'AVAILABLE'),
	(13, 2487, 10000, 27, 11, 'E구역 3', 'AVAILABLE'),
	(13, 2488, 10000, 28, 11, 'E구역 3', 'SOLD'),
	(13, 2489, 10000, 29, 11, 'E구역 3', 'SOLD'),
	(13, 2490, 10000, 30, 11, 'E구역 3', 'SOLD'),
	(13, 2491, 10000, 1, 12, 'E구역 4', 'AVAILABLE'),
	(13, 2492, 10000, 2, 12, 'E구역 4', 'AVAILABLE'),
	(13, 2493, 10000, 3, 12, 'E구역 4', 'AVAILABLE'),
	(13, 2494, 10000, 4, 12, 'E구역 4', 'AVAILABLE'),
	(13, 2495, 10000, 5, 12, 'E구역 4', 'AVAILABLE'),
	(13, 2496, 10000, 6, 12, 'E구역 4', 'AVAILABLE'),
	(13, 2497, 10000, 7, 12, 'E구역 4', 'AVAILABLE'),
	(13, 2498, 10000, 8, 12, 'E구역 4', 'SOLD'),
	(13, 2499, 10000, 9, 12, 'E구역 4', 'AVAILABLE'),
	(13, 2500, 10000, 10, 12, 'E구역 4', 'AVAILABLE'),
	(13, 2501, 10000, 11, 12, 'E구역 4', 'AVAILABLE'),
	(13, 2502, 10000, 12, 12, 'E구역 4', 'AVAILABLE'),
	(13, 2503, 10000, 13, 12, 'E구역 4', 'AVAILABLE'),
	(13, 2504, 10000, 14, 12, 'E구역 4', 'AVAILABLE'),
	(13, 2505, 10000, 15, 12, 'E구역 4', 'AVAILABLE'),
	(13, 2506, 10000, 16, 12, 'E구역 4', 'AVAILABLE'),
	(13, 2507, 10000, 17, 12, 'E구역 4', 'AVAILABLE'),
	(13, 2508, 10000, 18, 12, 'E구역 4', 'AVAILABLE'),
	(13, 2509, 10000, 19, 12, 'E구역 4', 'AVAILABLE'),
	(13, 2510, 10000, 20, 12, 'E구역 4', 'AVAILABLE'),
	(13, 2511, 10000, 21, 12, 'E구역 4', 'AVAILABLE'),
	(13, 2512, 10000, 22, 12, 'E구역 4', 'AVAILABLE'),
	(13, 2513, 10000, 23, 12, 'E구역 4', 'SOLD'),
	(13, 2514, 10000, 24, 12, 'E구역 4', 'AVAILABLE'),
	(13, 2515, 10000, 25, 12, 'E구역 4', 'AVAILABLE'),
	(13, 2516, 10000, 26, 12, 'E구역 4', 'AVAILABLE'),
	(13, 2517, 10000, 27, 12, 'E구역 4', 'AVAILABLE'),
	(13, 2518, 10000, 28, 12, 'E구역 4', 'AVAILABLE'),
	(13, 2519, 10000, 29, 12, 'E구역 4', 'AVAILABLE'),
	(13, 2520, 10000, 30, 12, 'E구역 4', 'AVAILABLE'),
	(17, 2521, 20000, 1, 49, 'S구역 1', 'AVAILABLE'),
	(17, 2522, 20000, 2, 49, 'S구역 1', 'AVAILABLE'),
	(17, 2523, 20000, 3, 49, 'S구역 1', 'AVAILABLE'),
	(17, 2524, 20000, 4, 49, 'S구역 1', 'AVAILABLE'),
	(17, 2525, 20000, 5, 49, 'S구역 1', 'AVAILABLE'),
	(17, 2526, 20000, 6, 49, 'S구역 1', 'AVAILABLE'),
	(17, 2527, 20000, 7, 49, 'S구역 1', 'AVAILABLE'),
	(17, 2528, 20000, 8, 49, 'S구역 1', 'AVAILABLE'),
	(17, 2529, 20000, 9, 49, 'S구역 1', 'AVAILABLE'),
	(17, 2530, 20000, 10, 49, 'S구역 1', 'AVAILABLE'),
	(17, 2531, 20000, 11, 49, 'S구역 1', 'AVAILABLE'),
	(17, 2532, 20000, 12, 49, 'S구역 1', 'AVAILABLE'),
	(17, 2533, 20000, 13, 49, 'S구역 1', 'AVAILABLE'),
	(17, 2534, 20000, 14, 49, 'S구역 1', 'AVAILABLE'),
	(17, 2535, 20000, 15, 49, 'S구역 1', 'AVAILABLE'),
	(17, 2536, 20000, 16, 49, 'S구역 1', 'AVAILABLE'),
	(17, 2537, 20000, 17, 49, 'S구역 1', 'AVAILABLE'),
	(17, 2538, 20000, 18, 49, 'S구역 1', 'AVAILABLE'),
	(17, 2539, 20000, 19, 49, 'S구역 1', 'AVAILABLE'),
	(17, 2540, 20000, 20, 49, 'S구역 1', 'AVAILABLE'),
	(17, 2541, 20000, 21, 49, 'S구역 1', 'AVAILABLE'),
	(17, 2542, 20000, 22, 49, 'S구역 1', 'AVAILABLE'),
	(17, 2543, 20000, 23, 49, 'S구역 1', 'AVAILABLE'),
	(17, 2544, 20000, 24, 49, 'S구역 1', 'AVAILABLE'),
	(17, 2545, 20000, 25, 49, 'S구역 1', 'AVAILABLE'),
	(17, 2546, 20000, 26, 49, 'S구역 1', 'AVAILABLE'),
	(17, 2547, 20000, 27, 49, 'S구역 1', 'AVAILABLE'),
	(17, 2548, 20000, 28, 49, 'S구역 1', 'AVAILABLE'),
	(17, 2549, 20000, 29, 49, 'S구역 1', 'AVAILABLE'),
	(17, 2550, 20000, 30, 49, 'S구역 1', 'AVAILABLE'),
	(17, 2551, 20000, 1, 50, 'S구역 2', 'AVAILABLE'),
	(17, 2552, 20000, 2, 50, 'S구역 2', 'AVAILABLE'),
	(17, 2553, 20000, 3, 50, 'S구역 2', 'AVAILABLE'),
	(17, 2554, 20000, 4, 50, 'S구역 2', 'AVAILABLE'),
	(17, 2555, 20000, 5, 50, 'S구역 2', 'AVAILABLE'),
	(17, 2556, 20000, 6, 50, 'S구역 2', 'AVAILABLE'),
	(17, 2557, 20000, 7, 50, 'S구역 2', 'AVAILABLE'),
	(17, 2558, 20000, 8, 50, 'S구역 2', 'AVAILABLE'),
	(17, 2559, 20000, 9, 50, 'S구역 2', 'AVAILABLE'),
	(17, 2560, 20000, 10, 50, 'S구역 2', 'AVAILABLE'),
	(17, 2561, 20000, 11, 50, 'S구역 2', 'AVAILABLE'),
	(17, 2562, 20000, 12, 50, 'S구역 2', 'AVAILABLE'),
	(17, 2563, 20000, 13, 50, 'S구역 2', 'AVAILABLE'),
	(17, 2564, 20000, 14, 50, 'S구역 2', 'AVAILABLE'),
	(17, 2565, 20000, 15, 50, 'S구역 2', 'AVAILABLE'),
	(17, 2566, 20000, 16, 50, 'S구역 2', 'AVAILABLE'),
	(17, 2567, 20000, 17, 50, 'S구역 2', 'AVAILABLE'),
	(17, 2568, 20000, 18, 50, 'S구역 2', 'AVAILABLE'),
	(17, 2569, 20000, 19, 50, 'S구역 2', 'AVAILABLE'),
	(17, 2570, 20000, 20, 50, 'S구역 2', 'AVAILABLE'),
	(17, 2571, 20000, 21, 50, 'S구역 2', 'AVAILABLE'),
	(17, 2572, 20000, 22, 50, 'S구역 2', 'AVAILABLE'),
	(17, 2573, 20000, 23, 50, 'S구역 2', 'AVAILABLE'),
	(17, 2574, 20000, 24, 50, 'S구역 2', 'AVAILABLE'),
	(17, 2575, 20000, 25, 50, 'S구역 2', 'AVAILABLE'),
	(17, 2576, 20000, 26, 50, 'S구역 2', 'AVAILABLE'),
	(17, 2577, 20000, 27, 50, 'S구역 2', 'AVAILABLE'),
	(17, 2578, 20000, 28, 50, 'S구역 2', 'AVAILABLE'),
	(17, 2579, 20000, 29, 50, 'S구역 2', 'AVAILABLE'),
	(17, 2580, 20000, 30, 50, 'S구역 2', 'AVAILABLE'),
	(17, 2581, 15000, 1, 51, 'R구역 1', 'AVAILABLE'),
	(17, 2582, 15000, 2, 51, 'R구역 1', 'AVAILABLE'),
	(17, 2583, 15000, 3, 51, 'R구역 1', 'AVAILABLE'),
	(17, 2584, 15000, 4, 51, 'R구역 1', 'AVAILABLE'),
	(17, 2585, 15000, 5, 51, 'R구역 1', 'AVAILABLE'),
	(17, 2586, 15000, 6, 51, 'R구역 1', 'AVAILABLE'),
	(17, 2587, 15000, 7, 51, 'R구역 1', 'AVAILABLE'),
	(17, 2588, 15000, 8, 51, 'R구역 1', 'AVAILABLE'),
	(17, 2589, 15000, 9, 51, 'R구역 1', 'AVAILABLE'),
	(17, 2590, 15000, 10, 51, 'R구역 1', 'AVAILABLE'),
	(17, 2591, 15000, 11, 51, 'R구역 1', 'AVAILABLE'),
	(17, 2592, 15000, 12, 51, 'R구역 1', 'AVAILABLE'),
	(17, 2593, 15000, 13, 51, 'R구역 1', 'AVAILABLE'),
	(17, 2594, 15000, 14, 51, 'R구역 1', 'AVAILABLE'),
	(17, 2595, 15000, 15, 51, 'R구역 1', 'AVAILABLE'),
	(17, 2596, 15000, 16, 51, 'R구역 1', 'AVAILABLE'),
	(17, 2597, 15000, 17, 51, 'R구역 1', 'AVAILABLE'),
	(17, 2598, 15000, 18, 51, 'R구역 1', 'AVAILABLE'),
	(17, 2599, 15000, 19, 51, 'R구역 1', 'AVAILABLE'),
	(17, 2600, 15000, 20, 51, 'R구역 1', 'AVAILABLE'),
	(17, 2601, 15000, 21, 51, 'R구역 1', 'AVAILABLE'),
	(17, 2602, 15000, 22, 51, 'R구역 1', 'AVAILABLE'),
	(17, 2603, 15000, 23, 51, 'R구역 1', 'AVAILABLE'),
	(17, 2604, 15000, 24, 51, 'R구역 1', 'AVAILABLE'),
	(17, 2605, 15000, 25, 51, 'R구역 1', 'AVAILABLE'),
	(17, 2606, 15000, 26, 51, 'R구역 1', 'AVAILABLE'),
	(17, 2607, 15000, 27, 51, 'R구역 1', 'AVAILABLE'),
	(17, 2608, 15000, 28, 51, 'R구역 1', 'AVAILABLE'),
	(17, 2609, 15000, 29, 51, 'R구역 1', 'AVAILABLE'),
	(17, 2610, 15000, 30, 51, 'R구역 1', 'AVAILABLE'),
	(17, 2611, 15000, 1, 52, 'R구역 2', 'AVAILABLE'),
	(17, 2612, 15000, 2, 52, 'R구역 2', 'AVAILABLE'),
	(17, 2613, 15000, 3, 52, 'R구역 2', 'AVAILABLE'),
	(17, 2614, 15000, 4, 52, 'R구역 2', 'AVAILABLE'),
	(17, 2615, 15000, 5, 52, 'R구역 2', 'AVAILABLE'),
	(17, 2616, 15000, 6, 52, 'R구역 2', 'AVAILABLE'),
	(17, 2617, 15000, 7, 52, 'R구역 2', 'AVAILABLE'),
	(17, 2618, 15000, 8, 52, 'R구역 2', 'AVAILABLE'),
	(17, 2619, 15000, 9, 52, 'R구역 2', 'AVAILABLE'),
	(17, 2620, 15000, 10, 52, 'R구역 2', 'AVAILABLE'),
	(17, 2621, 15000, 11, 52, 'R구역 2', 'AVAILABLE'),
	(17, 2622, 15000, 12, 52, 'R구역 2', 'AVAILABLE'),
	(17, 2623, 15000, 13, 52, 'R구역 2', 'AVAILABLE'),
	(17, 2624, 15000, 14, 52, 'R구역 2', 'AVAILABLE'),
	(17, 2625, 15000, 15, 52, 'R구역 2', 'AVAILABLE'),
	(17, 2626, 15000, 16, 52, 'R구역 2', 'AVAILABLE'),
	(17, 2627, 15000, 17, 52, 'R구역 2', 'AVAILABLE'),
	(17, 2628, 15000, 18, 52, 'R구역 2', 'AVAILABLE'),
	(17, 2629, 15000, 19, 52, 'R구역 2', 'AVAILABLE'),
	(17, 2630, 15000, 20, 52, 'R구역 2', 'AVAILABLE'),
	(17, 2631, 15000, 21, 52, 'R구역 2', 'AVAILABLE'),
	(17, 2632, 15000, 22, 52, 'R구역 2', 'AVAILABLE'),
	(17, 2633, 15000, 23, 52, 'R구역 2', 'AVAILABLE'),
	(17, 2634, 15000, 24, 52, 'R구역 2', 'AVAILABLE'),
	(17, 2635, 15000, 25, 52, 'R구역 2', 'AVAILABLE'),
	(17, 2636, 15000, 26, 52, 'R구역 2', 'AVAILABLE'),
	(17, 2637, 15000, 27, 52, 'R구역 2', 'AVAILABLE'),
	(17, 2638, 15000, 28, 52, 'R구역 2', 'AVAILABLE'),
	(17, 2639, 15000, 29, 52, 'R구역 2', 'AVAILABLE'),
	(17, 2640, 15000, 30, 52, 'R구역 2', 'AVAILABLE'),
	(17, 2641, 15000, 1, 53, 'R구역 3', 'AVAILABLE'),
	(17, 2642, 15000, 2, 53, 'R구역 3', 'AVAILABLE'),
	(17, 2643, 15000, 3, 53, 'R구역 3', 'AVAILABLE'),
	(17, 2644, 15000, 4, 53, 'R구역 3', 'AVAILABLE'),
	(17, 2645, 15000, 5, 53, 'R구역 3', 'AVAILABLE'),
	(17, 2646, 15000, 6, 53, 'R구역 3', 'AVAILABLE'),
	(17, 2647, 15000, 7, 53, 'R구역 3', 'AVAILABLE'),
	(17, 2648, 15000, 8, 53, 'R구역 3', 'AVAILABLE'),
	(17, 2649, 15000, 9, 53, 'R구역 3', 'AVAILABLE'),
	(17, 2650, 15000, 10, 53, 'R구역 3', 'AVAILABLE'),
	(17, 2651, 15000, 11, 53, 'R구역 3', 'AVAILABLE'),
	(17, 2652, 15000, 12, 53, 'R구역 3', 'AVAILABLE'),
	(17, 2653, 15000, 13, 53, 'R구역 3', 'AVAILABLE'),
	(17, 2654, 15000, 14, 53, 'R구역 3', 'AVAILABLE'),
	(17, 2655, 15000, 15, 53, 'R구역 3', 'AVAILABLE'),
	(17, 2656, 15000, 16, 53, 'R구역 3', 'AVAILABLE'),
	(17, 2657, 15000, 17, 53, 'R구역 3', 'AVAILABLE'),
	(17, 2658, 15000, 18, 53, 'R구역 3', 'AVAILABLE'),
	(17, 2659, 15000, 19, 53, 'R구역 3', 'AVAILABLE'),
	(17, 2660, 15000, 20, 53, 'R구역 3', 'AVAILABLE'),
	(17, 2661, 15000, 21, 53, 'R구역 3', 'AVAILABLE'),
	(17, 2662, 15000, 22, 53, 'R구역 3', 'AVAILABLE'),
	(17, 2663, 15000, 23, 53, 'R구역 3', 'AVAILABLE'),
	(17, 2664, 15000, 24, 53, 'R구역 3', 'AVAILABLE'),
	(17, 2665, 15000, 25, 53, 'R구역 3', 'AVAILABLE'),
	(17, 2666, 15000, 26, 53, 'R구역 3', 'AVAILABLE'),
	(17, 2667, 15000, 27, 53, 'R구역 3', 'AVAILABLE'),
	(17, 2668, 15000, 28, 53, 'R구역 3', 'AVAILABLE'),
	(17, 2669, 15000, 29, 53, 'R구역 3', 'AVAILABLE'),
	(17, 2670, 15000, 30, 53, 'R구역 3', 'AVAILABLE'),
	(17, 2671, 15000, 1, 54, 'R구역 4', 'AVAILABLE'),
	(17, 2672, 15000, 2, 54, 'R구역 4', 'AVAILABLE'),
	(17, 2673, 15000, 3, 54, 'R구역 4', 'AVAILABLE'),
	(17, 2674, 15000, 4, 54, 'R구역 4', 'AVAILABLE'),
	(17, 2675, 15000, 5, 54, 'R구역 4', 'AVAILABLE'),
	(17, 2676, 15000, 6, 54, 'R구역 4', 'AVAILABLE'),
	(17, 2677, 15000, 7, 54, 'R구역 4', 'AVAILABLE'),
	(17, 2678, 15000, 8, 54, 'R구역 4', 'AVAILABLE'),
	(17, 2679, 15000, 9, 54, 'R구역 4', 'AVAILABLE'),
	(17, 2680, 15000, 10, 54, 'R구역 4', 'AVAILABLE'),
	(17, 2681, 15000, 11, 54, 'R구역 4', 'AVAILABLE'),
	(17, 2682, 15000, 12, 54, 'R구역 4', 'AVAILABLE'),
	(17, 2683, 15000, 13, 54, 'R구역 4', 'AVAILABLE'),
	(17, 2684, 15000, 14, 54, 'R구역 4', 'AVAILABLE'),
	(17, 2685, 15000, 15, 54, 'R구역 4', 'AVAILABLE'),
	(17, 2686, 15000, 16, 54, 'R구역 4', 'AVAILABLE'),
	(17, 2687, 15000, 17, 54, 'R구역 4', 'AVAILABLE'),
	(17, 2688, 15000, 18, 54, 'R구역 4', 'AVAILABLE'),
	(17, 2689, 15000, 19, 54, 'R구역 4', 'AVAILABLE'),
	(17, 2690, 15000, 20, 54, 'R구역 4', 'AVAILABLE'),
	(17, 2691, 15000, 21, 54, 'R구역 4', 'AVAILABLE'),
	(17, 2692, 15000, 22, 54, 'R구역 4', 'AVAILABLE'),
	(17, 2693, 15000, 23, 54, 'R구역 4', 'AVAILABLE'),
	(17, 2694, 15000, 24, 54, 'R구역 4', 'AVAILABLE'),
	(17, 2695, 15000, 25, 54, 'R구역 4', 'AVAILABLE'),
	(17, 2696, 15000, 26, 54, 'R구역 4', 'AVAILABLE'),
	(17, 2697, 15000, 27, 54, 'R구역 4', 'AVAILABLE'),
	(17, 2698, 15000, 28, 54, 'R구역 4', 'AVAILABLE'),
	(17, 2699, 15000, 29, 54, 'R구역 4', 'AVAILABLE'),
	(17, 2700, 15000, 30, 54, 'R구역 4', 'AVAILABLE'),
	(17, 2701, 10000, 1, 55, 'W구역 1', 'AVAILABLE'),
	(17, 2702, 10000, 2, 55, 'W구역 1', 'AVAILABLE'),
	(17, 2703, 10000, 3, 55, 'W구역 1', 'AVAILABLE'),
	(17, 2704, 10000, 4, 55, 'W구역 1', 'AVAILABLE'),
	(17, 2705, 10000, 5, 55, 'W구역 1', 'AVAILABLE'),
	(17, 2706, 10000, 6, 55, 'W구역 1', 'AVAILABLE'),
	(17, 2707, 10000, 7, 55, 'W구역 1', 'AVAILABLE'),
	(17, 2708, 10000, 8, 55, 'W구역 1', 'AVAILABLE'),
	(17, 2709, 10000, 9, 55, 'W구역 1', 'AVAILABLE'),
	(17, 2710, 10000, 10, 55, 'W구역 1', 'AVAILABLE'),
	(17, 2711, 10000, 11, 55, 'W구역 1', 'AVAILABLE'),
	(17, 2712, 10000, 12, 55, 'W구역 1', 'AVAILABLE'),
	(17, 2713, 10000, 13, 55, 'W구역 1', 'AVAILABLE'),
	(17, 2714, 10000, 14, 55, 'W구역 1', 'AVAILABLE'),
	(17, 2715, 10000, 15, 55, 'W구역 1', 'AVAILABLE'),
	(17, 2716, 10000, 16, 55, 'W구역 1', 'AVAILABLE'),
	(17, 2717, 10000, 17, 55, 'W구역 1', 'AVAILABLE'),
	(17, 2718, 10000, 18, 55, 'W구역 1', 'AVAILABLE'),
	(17, 2719, 10000, 19, 55, 'W구역 1', 'AVAILABLE'),
	(17, 2720, 10000, 20, 55, 'W구역 1', 'AVAILABLE'),
	(17, 2721, 10000, 21, 55, 'W구역 1', 'AVAILABLE'),
	(17, 2722, 10000, 22, 55, 'W구역 1', 'AVAILABLE'),
	(17, 2723, 10000, 23, 55, 'W구역 1', 'AVAILABLE'),
	(17, 2724, 10000, 24, 55, 'W구역 1', 'AVAILABLE'),
	(17, 2725, 10000, 25, 55, 'W구역 1', 'AVAILABLE'),
	(17, 2726, 10000, 26, 55, 'W구역 1', 'AVAILABLE'),
	(17, 2727, 10000, 27, 55, 'W구역 1', 'AVAILABLE'),
	(17, 2728, 10000, 28, 55, 'W구역 1', 'AVAILABLE'),
	(17, 2729, 10000, 29, 55, 'W구역 1', 'AVAILABLE'),
	(17, 2730, 10000, 30, 55, 'W구역 1', 'AVAILABLE'),
	(17, 2731, 10000, 1, 56, 'W구역 2', 'AVAILABLE'),
	(17, 2732, 10000, 2, 56, 'W구역 2', 'AVAILABLE'),
	(17, 2733, 10000, 3, 56, 'W구역 2', 'AVAILABLE'),
	(17, 2734, 10000, 4, 56, 'W구역 2', 'AVAILABLE'),
	(17, 2735, 10000, 5, 56, 'W구역 2', 'AVAILABLE'),
	(17, 2736, 10000, 6, 56, 'W구역 2', 'AVAILABLE'),
	(17, 2737, 10000, 7, 56, 'W구역 2', 'AVAILABLE'),
	(17, 2738, 10000, 8, 56, 'W구역 2', 'AVAILABLE'),
	(17, 2739, 10000, 9, 56, 'W구역 2', 'AVAILABLE'),
	(17, 2740, 10000, 10, 56, 'W구역 2', 'AVAILABLE'),
	(17, 2741, 10000, 11, 56, 'W구역 2', 'AVAILABLE'),
	(17, 2742, 10000, 12, 56, 'W구역 2', 'AVAILABLE'),
	(17, 2743, 10000, 13, 56, 'W구역 2', 'AVAILABLE'),
	(17, 2744, 10000, 14, 56, 'W구역 2', 'AVAILABLE'),
	(17, 2745, 10000, 15, 56, 'W구역 2', 'AVAILABLE'),
	(17, 2746, 10000, 16, 56, 'W구역 2', 'AVAILABLE'),
	(17, 2747, 10000, 17, 56, 'W구역 2', 'AVAILABLE'),
	(17, 2748, 10000, 18, 56, 'W구역 2', 'AVAILABLE'),
	(17, 2749, 10000, 19, 56, 'W구역 2', 'AVAILABLE'),
	(17, 2750, 10000, 20, 56, 'W구역 2', 'AVAILABLE'),
	(17, 2751, 10000, 21, 56, 'W구역 2', 'AVAILABLE'),
	(17, 2752, 10000, 22, 56, 'W구역 2', 'AVAILABLE'),
	(17, 2753, 10000, 23, 56, 'W구역 2', 'AVAILABLE'),
	(17, 2754, 10000, 24, 56, 'W구역 2', 'AVAILABLE'),
	(17, 2755, 10000, 25, 56, 'W구역 2', 'AVAILABLE'),
	(17, 2756, 10000, 26, 56, 'W구역 2', 'AVAILABLE'),
	(17, 2757, 10000, 27, 56, 'W구역 2', 'AVAILABLE'),
	(17, 2758, 10000, 28, 56, 'W구역 2', 'AVAILABLE'),
	(17, 2759, 10000, 29, 56, 'W구역 2', 'AVAILABLE'),
	(17, 2760, 10000, 30, 56, 'W구역 2', 'AVAILABLE'),
	(17, 2761, 10000, 1, 57, 'E구역 1', 'AVAILABLE'),
	(17, 2762, 10000, 2, 57, 'E구역 1', 'AVAILABLE'),
	(17, 2763, 10000, 3, 57, 'E구역 1', 'AVAILABLE'),
	(17, 2764, 10000, 4, 57, 'E구역 1', 'AVAILABLE'),
	(17, 2765, 10000, 5, 57, 'E구역 1', 'AVAILABLE'),
	(17, 2766, 10000, 6, 57, 'E구역 1', 'AVAILABLE'),
	(17, 2767, 10000, 7, 57, 'E구역 1', 'AVAILABLE'),
	(17, 2768, 10000, 8, 57, 'E구역 1', 'AVAILABLE'),
	(17, 2769, 10000, 9, 57, 'E구역 1', 'AVAILABLE'),
	(17, 2770, 10000, 10, 57, 'E구역 1', 'AVAILABLE'),
	(17, 2771, 10000, 11, 57, 'E구역 1', 'AVAILABLE'),
	(17, 2772, 10000, 12, 57, 'E구역 1', 'AVAILABLE'),
	(17, 2773, 10000, 13, 57, 'E구역 1', 'AVAILABLE'),
	(17, 2774, 10000, 14, 57, 'E구역 1', 'AVAILABLE'),
	(17, 2775, 10000, 15, 57, 'E구역 1', 'AVAILABLE'),
	(17, 2776, 10000, 16, 57, 'E구역 1', 'AVAILABLE'),
	(17, 2777, 10000, 17, 57, 'E구역 1', 'AVAILABLE'),
	(17, 2778, 10000, 18, 57, 'E구역 1', 'AVAILABLE'),
	(17, 2779, 10000, 19, 57, 'E구역 1', 'AVAILABLE'),
	(17, 2780, 10000, 20, 57, 'E구역 1', 'AVAILABLE'),
	(17, 2781, 10000, 21, 57, 'E구역 1', 'AVAILABLE'),
	(17, 2782, 10000, 22, 57, 'E구역 1', 'AVAILABLE'),
	(17, 2783, 10000, 23, 57, 'E구역 1', 'AVAILABLE'),
	(17, 2784, 10000, 24, 57, 'E구역 1', 'AVAILABLE'),
	(17, 2785, 10000, 25, 57, 'E구역 1', 'AVAILABLE'),
	(17, 2786, 10000, 26, 57, 'E구역 1', 'AVAILABLE'),
	(17, 2787, 10000, 27, 57, 'E구역 1', 'AVAILABLE'),
	(17, 2788, 10000, 28, 57, 'E구역 1', 'AVAILABLE'),
	(17, 2789, 10000, 29, 57, 'E구역 1', 'AVAILABLE'),
	(17, 2790, 10000, 30, 57, 'E구역 1', 'AVAILABLE'),
	(17, 2791, 10000, 1, 58, 'E구역 2', 'AVAILABLE'),
	(17, 2792, 10000, 2, 58, 'E구역 2', 'AVAILABLE'),
	(17, 2793, 10000, 3, 58, 'E구역 2', 'AVAILABLE'),
	(17, 2794, 10000, 4, 58, 'E구역 2', 'AVAILABLE'),
	(17, 2795, 10000, 5, 58, 'E구역 2', 'AVAILABLE'),
	(17, 2796, 10000, 6, 58, 'E구역 2', 'AVAILABLE'),
	(17, 2797, 10000, 7, 58, 'E구역 2', 'AVAILABLE'),
	(17, 2798, 10000, 8, 58, 'E구역 2', 'AVAILABLE'),
	(17, 2799, 10000, 9, 58, 'E구역 2', 'AVAILABLE'),
	(17, 2800, 10000, 10, 58, 'E구역 2', 'AVAILABLE'),
	(17, 2801, 10000, 11, 58, 'E구역 2', 'AVAILABLE'),
	(17, 2802, 10000, 12, 58, 'E구역 2', 'AVAILABLE'),
	(17, 2803, 10000, 13, 58, 'E구역 2', 'AVAILABLE'),
	(17, 2804, 10000, 14, 58, 'E구역 2', 'AVAILABLE'),
	(17, 2805, 10000, 15, 58, 'E구역 2', 'AVAILABLE'),
	(17, 2806, 10000, 16, 58, 'E구역 2', 'AVAILABLE'),
	(17, 2807, 10000, 17, 58, 'E구역 2', 'AVAILABLE'),
	(17, 2808, 10000, 18, 58, 'E구역 2', 'AVAILABLE'),
	(17, 2809, 10000, 19, 58, 'E구역 2', 'AVAILABLE'),
	(17, 2810, 10000, 20, 58, 'E구역 2', 'AVAILABLE'),
	(17, 2811, 10000, 21, 58, 'E구역 2', 'AVAILABLE'),
	(17, 2812, 10000, 22, 58, 'E구역 2', 'AVAILABLE'),
	(17, 2813, 10000, 23, 58, 'E구역 2', 'AVAILABLE'),
	(17, 2814, 10000, 24, 58, 'E구역 2', 'AVAILABLE'),
	(17, 2815, 10000, 25, 58, 'E구역 2', 'AVAILABLE'),
	(17, 2816, 10000, 26, 58, 'E구역 2', 'AVAILABLE'),
	(17, 2817, 10000, 27, 58, 'E구역 2', 'AVAILABLE'),
	(17, 2818, 10000, 28, 58, 'E구역 2', 'AVAILABLE'),
	(17, 2819, 10000, 29, 58, 'E구역 2', 'AVAILABLE'),
	(17, 2820, 10000, 30, 58, 'E구역 2', 'AVAILABLE'),
	(17, 2821, 10000, 1, 59, 'E구역 3', 'AVAILABLE'),
	(17, 2822, 10000, 2, 59, 'E구역 3', 'AVAILABLE'),
	(17, 2823, 10000, 3, 59, 'E구역 3', 'AVAILABLE'),
	(17, 2824, 10000, 4, 59, 'E구역 3', 'AVAILABLE'),
	(17, 2825, 10000, 5, 59, 'E구역 3', 'AVAILABLE'),
	(17, 2826, 10000, 6, 59, 'E구역 3', 'AVAILABLE'),
	(17, 2827, 10000, 7, 59, 'E구역 3', 'AVAILABLE'),
	(17, 2828, 10000, 8, 59, 'E구역 3', 'AVAILABLE'),
	(17, 2829, 10000, 9, 59, 'E구역 3', 'AVAILABLE'),
	(17, 2830, 10000, 10, 59, 'E구역 3', 'AVAILABLE'),
	(17, 2831, 10000, 11, 59, 'E구역 3', 'AVAILABLE'),
	(17, 2832, 10000, 12, 59, 'E구역 3', 'AVAILABLE'),
	(17, 2833, 10000, 13, 59, 'E구역 3', 'AVAILABLE'),
	(17, 2834, 10000, 14, 59, 'E구역 3', 'AVAILABLE'),
	(17, 2835, 10000, 15, 59, 'E구역 3', 'AVAILABLE'),
	(17, 2836, 10000, 16, 59, 'E구역 3', 'AVAILABLE'),
	(17, 2837, 10000, 17, 59, 'E구역 3', 'AVAILABLE'),
	(17, 2838, 10000, 18, 59, 'E구역 3', 'AVAILABLE'),
	(17, 2839, 10000, 19, 59, 'E구역 3', 'AVAILABLE'),
	(17, 2840, 10000, 20, 59, 'E구역 3', 'AVAILABLE'),
	(17, 2841, 10000, 21, 59, 'E구역 3', 'AVAILABLE'),
	(17, 2842, 10000, 22, 59, 'E구역 3', 'AVAILABLE'),
	(17, 2843, 10000, 23, 59, 'E구역 3', 'AVAILABLE'),
	(17, 2844, 10000, 24, 59, 'E구역 3', 'AVAILABLE'),
	(17, 2845, 10000, 25, 59, 'E구역 3', 'AVAILABLE'),
	(17, 2846, 10000, 26, 59, 'E구역 3', 'AVAILABLE'),
	(17, 2847, 10000, 27, 59, 'E구역 3', 'AVAILABLE'),
	(17, 2848, 10000, 28, 59, 'E구역 3', 'AVAILABLE'),
	(17, 2849, 10000, 29, 59, 'E구역 3', 'AVAILABLE'),
	(17, 2850, 10000, 30, 59, 'E구역 3', 'AVAILABLE'),
	(17, 2851, 10000, 1, 60, 'E구역 4', 'AVAILABLE'),
	(17, 2852, 10000, 2, 60, 'E구역 4', 'AVAILABLE'),
	(17, 2853, 10000, 3, 60, 'E구역 4', 'AVAILABLE'),
	(17, 2854, 10000, 4, 60, 'E구역 4', 'AVAILABLE'),
	(17, 2855, 10000, 5, 60, 'E구역 4', 'AVAILABLE'),
	(17, 2856, 10000, 6, 60, 'E구역 4', 'AVAILABLE'),
	(17, 2857, 10000, 7, 60, 'E구역 4', 'AVAILABLE'),
	(17, 2858, 10000, 8, 60, 'E구역 4', 'AVAILABLE'),
	(17, 2859, 10000, 9, 60, 'E구역 4', 'AVAILABLE'),
	(17, 2860, 10000, 10, 60, 'E구역 4', 'AVAILABLE'),
	(17, 2861, 10000, 11, 60, 'E구역 4', 'AVAILABLE'),
	(17, 2862, 10000, 12, 60, 'E구역 4', 'AVAILABLE'),
	(17, 2863, 10000, 13, 60, 'E구역 4', 'AVAILABLE'),
	(17, 2864, 10000, 14, 60, 'E구역 4', 'AVAILABLE'),
	(17, 2865, 10000, 15, 60, 'E구역 4', 'AVAILABLE'),
	(17, 2866, 10000, 16, 60, 'E구역 4', 'AVAILABLE'),
	(17, 2867, 10000, 17, 60, 'E구역 4', 'AVAILABLE'),
	(17, 2868, 10000, 18, 60, 'E구역 4', 'AVAILABLE'),
	(17, 2869, 10000, 19, 60, 'E구역 4', 'AVAILABLE'),
	(17, 2870, 10000, 20, 60, 'E구역 4', 'AVAILABLE'),
	(17, 2871, 10000, 21, 60, 'E구역 4', 'AVAILABLE'),
	(17, 2872, 10000, 22, 60, 'E구역 4', 'AVAILABLE'),
	(17, 2873, 10000, 23, 60, 'E구역 4', 'AVAILABLE'),
	(17, 2874, 10000, 24, 60, 'E구역 4', 'AVAILABLE'),
	(17, 2875, 10000, 25, 60, 'E구역 4', 'AVAILABLE'),
	(17, 2876, 10000, 26, 60, 'E구역 4', 'AVAILABLE'),
	(17, 2877, 10000, 27, 60, 'E구역 4', 'AVAILABLE'),
	(17, 2878, 10000, 28, 60, 'E구역 4', 'AVAILABLE'),
	(17, 2879, 10000, 29, 60, 'E구역 4', 'AVAILABLE'),
	(17, 2880, 10000, 30, 60, 'E구역 4', 'AVAILABLE'),
	(18, 2881, 20000, 1, 25, 'S구역 1', 'AVAILABLE'),
	(18, 2882, 20000, 2, 25, 'S구역 1', 'AVAILABLE'),
	(18, 2883, 20000, 3, 25, 'S구역 1', 'AVAILABLE'),
	(18, 2884, 20000, 4, 25, 'S구역 1', 'AVAILABLE'),
	(18, 2885, 20000, 5, 25, 'S구역 1', 'AVAILABLE'),
	(18, 2886, 20000, 6, 25, 'S구역 1', 'AVAILABLE'),
	(18, 2887, 20000, 7, 25, 'S구역 1', 'AVAILABLE'),
	(18, 2888, 20000, 8, 25, 'S구역 1', 'AVAILABLE'),
	(18, 2889, 20000, 9, 25, 'S구역 1', 'AVAILABLE'),
	(18, 2890, 20000, 10, 25, 'S구역 1', 'AVAILABLE'),
	(18, 2891, 20000, 11, 25, 'S구역 1', 'AVAILABLE'),
	(18, 2892, 20000, 12, 25, 'S구역 1', 'AVAILABLE'),
	(18, 2893, 20000, 13, 25, 'S구역 1', 'AVAILABLE'),
	(18, 2894, 20000, 14, 25, 'S구역 1', 'AVAILABLE'),
	(18, 2895, 20000, 15, 25, 'S구역 1', 'AVAILABLE'),
	(18, 2896, 20000, 16, 25, 'S구역 1', 'AVAILABLE'),
	(18, 2897, 20000, 17, 25, 'S구역 1', 'AVAILABLE'),
	(18, 2898, 20000, 18, 25, 'S구역 1', 'AVAILABLE'),
	(18, 2899, 20000, 19, 25, 'S구역 1', 'AVAILABLE'),
	(18, 2900, 20000, 20, 25, 'S구역 1', 'AVAILABLE'),
	(18, 2901, 20000, 21, 25, 'S구역 1', 'AVAILABLE'),
	(18, 2902, 20000, 22, 25, 'S구역 1', 'AVAILABLE'),
	(18, 2903, 20000, 23, 25, 'S구역 1', 'AVAILABLE'),
	(18, 2904, 20000, 24, 25, 'S구역 1', 'AVAILABLE'),
	(18, 2905, 20000, 25, 25, 'S구역 1', 'AVAILABLE'),
	(18, 2906, 20000, 26, 25, 'S구역 1', 'AVAILABLE'),
	(18, 2907, 20000, 27, 25, 'S구역 1', 'AVAILABLE'),
	(18, 2908, 20000, 28, 25, 'S구역 1', 'AVAILABLE'),
	(18, 2909, 20000, 29, 25, 'S구역 1', 'AVAILABLE'),
	(18, 2910, 20000, 30, 25, 'S구역 1', 'AVAILABLE'),
	(18, 2911, 20000, 1, 26, 'S구역 2', 'AVAILABLE'),
	(18, 2912, 20000, 2, 26, 'S구역 2', 'AVAILABLE'),
	(18, 2913, 20000, 3, 26, 'S구역 2', 'AVAILABLE'),
	(18, 2914, 20000, 4, 26, 'S구역 2', 'AVAILABLE'),
	(18, 2915, 20000, 5, 26, 'S구역 2', 'AVAILABLE'),
	(18, 2916, 20000, 6, 26, 'S구역 2', 'AVAILABLE'),
	(18, 2917, 20000, 7, 26, 'S구역 2', 'AVAILABLE'),
	(18, 2918, 20000, 8, 26, 'S구역 2', 'AVAILABLE'),
	(18, 2919, 20000, 9, 26, 'S구역 2', 'AVAILABLE'),
	(18, 2920, 20000, 10, 26, 'S구역 2', 'AVAILABLE'),
	(18, 2921, 20000, 11, 26, 'S구역 2', 'AVAILABLE'),
	(18, 2922, 20000, 12, 26, 'S구역 2', 'AVAILABLE'),
	(18, 2923, 20000, 13, 26, 'S구역 2', 'AVAILABLE'),
	(18, 2924, 20000, 14, 26, 'S구역 2', 'AVAILABLE'),
	(18, 2925, 20000, 15, 26, 'S구역 2', 'AVAILABLE'),
	(18, 2926, 20000, 16, 26, 'S구역 2', 'AVAILABLE'),
	(18, 2927, 20000, 17, 26, 'S구역 2', 'AVAILABLE'),
	(18, 2928, 20000, 18, 26, 'S구역 2', 'AVAILABLE'),
	(18, 2929, 20000, 19, 26, 'S구역 2', 'AVAILABLE'),
	(18, 2930, 20000, 20, 26, 'S구역 2', 'AVAILABLE'),
	(18, 2931, 20000, 21, 26, 'S구역 2', 'AVAILABLE'),
	(18, 2932, 20000, 22, 26, 'S구역 2', 'AVAILABLE'),
	(18, 2933, 20000, 23, 26, 'S구역 2', 'AVAILABLE'),
	(18, 2934, 20000, 24, 26, 'S구역 2', 'AVAILABLE'),
	(18, 2935, 20000, 25, 26, 'S구역 2', 'AVAILABLE'),
	(18, 2936, 20000, 26, 26, 'S구역 2', 'AVAILABLE'),
	(18, 2937, 20000, 27, 26, 'S구역 2', 'AVAILABLE'),
	(18, 2938, 20000, 28, 26, 'S구역 2', 'AVAILABLE'),
	(18, 2939, 20000, 29, 26, 'S구역 2', 'AVAILABLE'),
	(18, 2940, 20000, 30, 26, 'S구역 2', 'AVAILABLE'),
	(18, 2941, 15000, 1, 27, 'R구역 1', 'AVAILABLE'),
	(18, 2942, 15000, 2, 27, 'R구역 1', 'AVAILABLE'),
	(18, 2943, 15000, 3, 27, 'R구역 1', 'AVAILABLE'),
	(18, 2944, 15000, 4, 27, 'R구역 1', 'AVAILABLE'),
	(18, 2945, 15000, 5, 27, 'R구역 1', 'AVAILABLE'),
	(18, 2946, 15000, 6, 27, 'R구역 1', 'AVAILABLE'),
	(18, 2947, 15000, 7, 27, 'R구역 1', 'AVAILABLE'),
	(18, 2948, 15000, 8, 27, 'R구역 1', 'AVAILABLE'),
	(18, 2949, 15000, 9, 27, 'R구역 1', 'AVAILABLE'),
	(18, 2950, 15000, 10, 27, 'R구역 1', 'AVAILABLE'),
	(18, 2951, 15000, 11, 27, 'R구역 1', 'AVAILABLE'),
	(18, 2952, 15000, 12, 27, 'R구역 1', 'AVAILABLE'),
	(18, 2953, 15000, 13, 27, 'R구역 1', 'AVAILABLE'),
	(18, 2954, 15000, 14, 27, 'R구역 1', 'AVAILABLE'),
	(18, 2955, 15000, 15, 27, 'R구역 1', 'AVAILABLE'),
	(18, 2956, 15000, 16, 27, 'R구역 1', 'AVAILABLE'),
	(18, 2957, 15000, 17, 27, 'R구역 1', 'AVAILABLE'),
	(18, 2958, 15000, 18, 27, 'R구역 1', 'AVAILABLE'),
	(18, 2959, 15000, 19, 27, 'R구역 1', 'AVAILABLE'),
	(18, 2960, 15000, 20, 27, 'R구역 1', 'AVAILABLE'),
	(18, 2961, 15000, 21, 27, 'R구역 1', 'AVAILABLE'),
	(18, 2962, 15000, 22, 27, 'R구역 1', 'AVAILABLE'),
	(18, 2963, 15000, 23, 27, 'R구역 1', 'AVAILABLE'),
	(18, 2964, 15000, 24, 27, 'R구역 1', 'AVAILABLE'),
	(18, 2965, 15000, 25, 27, 'R구역 1', 'AVAILABLE'),
	(18, 2966, 15000, 26, 27, 'R구역 1', 'AVAILABLE'),
	(18, 2967, 15000, 27, 27, 'R구역 1', 'AVAILABLE'),
	(18, 2968, 15000, 28, 27, 'R구역 1', 'AVAILABLE'),
	(18, 2969, 15000, 29, 27, 'R구역 1', 'AVAILABLE'),
	(18, 2970, 15000, 30, 27, 'R구역 1', 'AVAILABLE'),
	(18, 2971, 15000, 1, 28, 'R구역 2', 'AVAILABLE'),
	(18, 2972, 15000, 2, 28, 'R구역 2', 'AVAILABLE'),
	(18, 2973, 15000, 3, 28, 'R구역 2', 'AVAILABLE'),
	(18, 2974, 15000, 4, 28, 'R구역 2', 'AVAILABLE'),
	(18, 2975, 15000, 5, 28, 'R구역 2', 'AVAILABLE'),
	(18, 2976, 15000, 6, 28, 'R구역 2', 'AVAILABLE'),
	(18, 2977, 15000, 7, 28, 'R구역 2', 'AVAILABLE'),
	(18, 2978, 15000, 8, 28, 'R구역 2', 'AVAILABLE'),
	(18, 2979, 15000, 9, 28, 'R구역 2', 'AVAILABLE'),
	(18, 2980, 15000, 10, 28, 'R구역 2', 'AVAILABLE'),
	(18, 2981, 15000, 11, 28, 'R구역 2', 'AVAILABLE'),
	(18, 2982, 15000, 12, 28, 'R구역 2', 'AVAILABLE'),
	(18, 2983, 15000, 13, 28, 'R구역 2', 'AVAILABLE'),
	(18, 2984, 15000, 14, 28, 'R구역 2', 'AVAILABLE'),
	(18, 2985, 15000, 15, 28, 'R구역 2', 'AVAILABLE'),
	(18, 2986, 15000, 16, 28, 'R구역 2', 'AVAILABLE'),
	(18, 2987, 15000, 17, 28, 'R구역 2', 'AVAILABLE'),
	(18, 2988, 15000, 18, 28, 'R구역 2', 'AVAILABLE'),
	(18, 2989, 15000, 19, 28, 'R구역 2', 'AVAILABLE'),
	(18, 2990, 15000, 20, 28, 'R구역 2', 'AVAILABLE'),
	(18, 2991, 15000, 21, 28, 'R구역 2', 'AVAILABLE'),
	(18, 2992, 15000, 22, 28, 'R구역 2', 'AVAILABLE'),
	(18, 2993, 15000, 23, 28, 'R구역 2', 'AVAILABLE'),
	(18, 2994, 15000, 24, 28, 'R구역 2', 'AVAILABLE'),
	(18, 2995, 15000, 25, 28, 'R구역 2', 'AVAILABLE'),
	(18, 2996, 15000, 26, 28, 'R구역 2', 'AVAILABLE'),
	(18, 2997, 15000, 27, 28, 'R구역 2', 'AVAILABLE'),
	(18, 2998, 15000, 28, 28, 'R구역 2', 'AVAILABLE'),
	(18, 2999, 15000, 29, 28, 'R구역 2', 'AVAILABLE'),
	(18, 3000, 15000, 30, 28, 'R구역 2', 'AVAILABLE'),
	(18, 3001, 15000, 1, 29, 'R구역 3', 'AVAILABLE'),
	(18, 3002, 15000, 2, 29, 'R구역 3', 'AVAILABLE'),
	(18, 3003, 15000, 3, 29, 'R구역 3', 'AVAILABLE'),
	(18, 3004, 15000, 4, 29, 'R구역 3', 'AVAILABLE'),
	(18, 3005, 15000, 5, 29, 'R구역 3', 'AVAILABLE'),
	(18, 3006, 15000, 6, 29, 'R구역 3', 'AVAILABLE'),
	(18, 3007, 15000, 7, 29, 'R구역 3', 'AVAILABLE'),
	(18, 3008, 15000, 8, 29, 'R구역 3', 'AVAILABLE'),
	(18, 3009, 15000, 9, 29, 'R구역 3', 'AVAILABLE'),
	(18, 3010, 15000, 10, 29, 'R구역 3', 'AVAILABLE'),
	(18, 3011, 15000, 11, 29, 'R구역 3', 'AVAILABLE'),
	(18, 3012, 15000, 12, 29, 'R구역 3', 'AVAILABLE'),
	(18, 3013, 15000, 13, 29, 'R구역 3', 'AVAILABLE'),
	(18, 3014, 15000, 14, 29, 'R구역 3', 'AVAILABLE'),
	(18, 3015, 15000, 15, 29, 'R구역 3', 'AVAILABLE'),
	(18, 3016, 15000, 16, 29, 'R구역 3', 'AVAILABLE'),
	(18, 3017, 15000, 17, 29, 'R구역 3', 'AVAILABLE'),
	(18, 3018, 15000, 18, 29, 'R구역 3', 'AVAILABLE'),
	(18, 3019, 15000, 19, 29, 'R구역 3', 'AVAILABLE'),
	(18, 3020, 15000, 20, 29, 'R구역 3', 'AVAILABLE'),
	(18, 3021, 15000, 21, 29, 'R구역 3', 'AVAILABLE'),
	(18, 3022, 15000, 22, 29, 'R구역 3', 'AVAILABLE'),
	(18, 3023, 15000, 23, 29, 'R구역 3', 'AVAILABLE'),
	(18, 3024, 15000, 24, 29, 'R구역 3', 'AVAILABLE'),
	(18, 3025, 15000, 25, 29, 'R구역 3', 'AVAILABLE'),
	(18, 3026, 15000, 26, 29, 'R구역 3', 'AVAILABLE'),
	(18, 3027, 15000, 27, 29, 'R구역 3', 'AVAILABLE'),
	(18, 3028, 15000, 28, 29, 'R구역 3', 'AVAILABLE'),
	(18, 3029, 15000, 29, 29, 'R구역 3', 'AVAILABLE'),
	(18, 3030, 15000, 30, 29, 'R구역 3', 'AVAILABLE'),
	(18, 3031, 15000, 1, 30, 'R구역 4', 'AVAILABLE'),
	(18, 3032, 15000, 2, 30, 'R구역 4', 'AVAILABLE'),
	(18, 3033, 15000, 3, 30, 'R구역 4', 'AVAILABLE'),
	(18, 3034, 15000, 4, 30, 'R구역 4', 'AVAILABLE'),
	(18, 3035, 15000, 5, 30, 'R구역 4', 'AVAILABLE'),
	(18, 3036, 15000, 6, 30, 'R구역 4', 'AVAILABLE'),
	(18, 3037, 15000, 7, 30, 'R구역 4', 'AVAILABLE'),
	(18, 3038, 15000, 8, 30, 'R구역 4', 'AVAILABLE'),
	(18, 3039, 15000, 9, 30, 'R구역 4', 'AVAILABLE'),
	(18, 3040, 15000, 10, 30, 'R구역 4', 'AVAILABLE'),
	(18, 3041, 15000, 11, 30, 'R구역 4', 'AVAILABLE'),
	(18, 3042, 15000, 12, 30, 'R구역 4', 'AVAILABLE'),
	(18, 3043, 15000, 13, 30, 'R구역 4', 'AVAILABLE'),
	(18, 3044, 15000, 14, 30, 'R구역 4', 'AVAILABLE'),
	(18, 3045, 15000, 15, 30, 'R구역 4', 'AVAILABLE'),
	(18, 3046, 15000, 16, 30, 'R구역 4', 'AVAILABLE'),
	(18, 3047, 15000, 17, 30, 'R구역 4', 'AVAILABLE'),
	(18, 3048, 15000, 18, 30, 'R구역 4', 'AVAILABLE'),
	(18, 3049, 15000, 19, 30, 'R구역 4', 'AVAILABLE'),
	(18, 3050, 15000, 20, 30, 'R구역 4', 'AVAILABLE'),
	(18, 3051, 15000, 21, 30, 'R구역 4', 'AVAILABLE'),
	(18, 3052, 15000, 22, 30, 'R구역 4', 'AVAILABLE'),
	(18, 3053, 15000, 23, 30, 'R구역 4', 'AVAILABLE'),
	(18, 3054, 15000, 24, 30, 'R구역 4', 'AVAILABLE'),
	(18, 3055, 15000, 25, 30, 'R구역 4', 'AVAILABLE'),
	(18, 3056, 15000, 26, 30, 'R구역 4', 'AVAILABLE'),
	(18, 3057, 15000, 27, 30, 'R구역 4', 'AVAILABLE'),
	(18, 3058, 15000, 28, 30, 'R구역 4', 'AVAILABLE'),
	(18, 3059, 15000, 29, 30, 'R구역 4', 'AVAILABLE'),
	(18, 3060, 15000, 30, 30, 'R구역 4', 'AVAILABLE'),
	(18, 3061, 10000, 1, 31, 'W구역 1', 'AVAILABLE'),
	(18, 3062, 10000, 2, 31, 'W구역 1', 'AVAILABLE'),
	(18, 3063, 10000, 3, 31, 'W구역 1', 'AVAILABLE'),
	(18, 3064, 10000, 4, 31, 'W구역 1', 'AVAILABLE'),
	(18, 3065, 10000, 5, 31, 'W구역 1', 'AVAILABLE'),
	(18, 3066, 10000, 6, 31, 'W구역 1', 'AVAILABLE'),
	(18, 3067, 10000, 7, 31, 'W구역 1', 'AVAILABLE'),
	(18, 3068, 10000, 8, 31, 'W구역 1', 'AVAILABLE'),
	(18, 3069, 10000, 9, 31, 'W구역 1', 'AVAILABLE'),
	(18, 3070, 10000, 10, 31, 'W구역 1', 'AVAILABLE'),
	(18, 3071, 10000, 11, 31, 'W구역 1', 'AVAILABLE'),
	(18, 3072, 10000, 12, 31, 'W구역 1', 'AVAILABLE'),
	(18, 3073, 10000, 13, 31, 'W구역 1', 'AVAILABLE'),
	(18, 3074, 10000, 14, 31, 'W구역 1', 'AVAILABLE'),
	(18, 3075, 10000, 15, 31, 'W구역 1', 'AVAILABLE'),
	(18, 3076, 10000, 16, 31, 'W구역 1', 'AVAILABLE'),
	(18, 3077, 10000, 17, 31, 'W구역 1', 'AVAILABLE'),
	(18, 3078, 10000, 18, 31, 'W구역 1', 'AVAILABLE'),
	(18, 3079, 10000, 19, 31, 'W구역 1', 'AVAILABLE'),
	(18, 3080, 10000, 20, 31, 'W구역 1', 'AVAILABLE'),
	(18, 3081, 10000, 21, 31, 'W구역 1', 'AVAILABLE'),
	(18, 3082, 10000, 22, 31, 'W구역 1', 'AVAILABLE'),
	(18, 3083, 10000, 23, 31, 'W구역 1', 'AVAILABLE'),
	(18, 3084, 10000, 24, 31, 'W구역 1', 'AVAILABLE'),
	(18, 3085, 10000, 25, 31, 'W구역 1', 'AVAILABLE'),
	(18, 3086, 10000, 26, 31, 'W구역 1', 'AVAILABLE'),
	(18, 3087, 10000, 27, 31, 'W구역 1', 'AVAILABLE'),
	(18, 3088, 10000, 28, 31, 'W구역 1', 'AVAILABLE'),
	(18, 3089, 10000, 29, 31, 'W구역 1', 'AVAILABLE'),
	(18, 3090, 10000, 30, 31, 'W구역 1', 'AVAILABLE'),
	(18, 3091, 10000, 1, 32, 'W구역 2', 'AVAILABLE'),
	(18, 3092, 10000, 2, 32, 'W구역 2', 'AVAILABLE'),
	(18, 3093, 10000, 3, 32, 'W구역 2', 'AVAILABLE'),
	(18, 3094, 10000, 4, 32, 'W구역 2', 'AVAILABLE'),
	(18, 3095, 10000, 5, 32, 'W구역 2', 'AVAILABLE'),
	(18, 3096, 10000, 6, 32, 'W구역 2', 'AVAILABLE'),
	(18, 3097, 10000, 7, 32, 'W구역 2', 'AVAILABLE'),
	(18, 3098, 10000, 8, 32, 'W구역 2', 'AVAILABLE'),
	(18, 3099, 10000, 9, 32, 'W구역 2', 'AVAILABLE'),
	(18, 3100, 10000, 10, 32, 'W구역 2', 'AVAILABLE'),
	(18, 3101, 10000, 11, 32, 'W구역 2', 'AVAILABLE'),
	(18, 3102, 10000, 12, 32, 'W구역 2', 'AVAILABLE'),
	(18, 3103, 10000, 13, 32, 'W구역 2', 'AVAILABLE'),
	(18, 3104, 10000, 14, 32, 'W구역 2', 'AVAILABLE'),
	(18, 3105, 10000, 15, 32, 'W구역 2', 'AVAILABLE'),
	(18, 3106, 10000, 16, 32, 'W구역 2', 'AVAILABLE'),
	(18, 3107, 10000, 17, 32, 'W구역 2', 'AVAILABLE'),
	(18, 3108, 10000, 18, 32, 'W구역 2', 'AVAILABLE'),
	(18, 3109, 10000, 19, 32, 'W구역 2', 'AVAILABLE'),
	(18, 3110, 10000, 20, 32, 'W구역 2', 'AVAILABLE'),
	(18, 3111, 10000, 21, 32, 'W구역 2', 'AVAILABLE'),
	(18, 3112, 10000, 22, 32, 'W구역 2', 'AVAILABLE'),
	(18, 3113, 10000, 23, 32, 'W구역 2', 'AVAILABLE'),
	(18, 3114, 10000, 24, 32, 'W구역 2', 'AVAILABLE'),
	(18, 3115, 10000, 25, 32, 'W구역 2', 'AVAILABLE'),
	(18, 3116, 10000, 26, 32, 'W구역 2', 'AVAILABLE'),
	(18, 3117, 10000, 27, 32, 'W구역 2', 'AVAILABLE'),
	(18, 3118, 10000, 28, 32, 'W구역 2', 'AVAILABLE'),
	(18, 3119, 10000, 29, 32, 'W구역 2', 'AVAILABLE'),
	(18, 3120, 10000, 30, 32, 'W구역 2', 'AVAILABLE'),
	(18, 3121, 10000, 1, 33, 'E구역 1', 'AVAILABLE'),
	(18, 3122, 10000, 2, 33, 'E구역 1', 'AVAILABLE'),
	(18, 3123, 10000, 3, 33, 'E구역 1', 'AVAILABLE'),
	(18, 3124, 10000, 4, 33, 'E구역 1', 'AVAILABLE'),
	(18, 3125, 10000, 5, 33, 'E구역 1', 'AVAILABLE'),
	(18, 3126, 10000, 6, 33, 'E구역 1', 'AVAILABLE'),
	(18, 3127, 10000, 7, 33, 'E구역 1', 'AVAILABLE'),
	(18, 3128, 10000, 8, 33, 'E구역 1', 'AVAILABLE'),
	(18, 3129, 10000, 9, 33, 'E구역 1', 'AVAILABLE'),
	(18, 3130, 10000, 10, 33, 'E구역 1', 'AVAILABLE'),
	(18, 3131, 10000, 11, 33, 'E구역 1', 'AVAILABLE'),
	(18, 3132, 10000, 12, 33, 'E구역 1', 'AVAILABLE'),
	(18, 3133, 10000, 13, 33, 'E구역 1', 'AVAILABLE'),
	(18, 3134, 10000, 14, 33, 'E구역 1', 'AVAILABLE'),
	(18, 3135, 10000, 15, 33, 'E구역 1', 'AVAILABLE'),
	(18, 3136, 10000, 16, 33, 'E구역 1', 'AVAILABLE'),
	(18, 3137, 10000, 17, 33, 'E구역 1', 'AVAILABLE'),
	(18, 3138, 10000, 18, 33, 'E구역 1', 'AVAILABLE'),
	(18, 3139, 10000, 19, 33, 'E구역 1', 'AVAILABLE'),
	(18, 3140, 10000, 20, 33, 'E구역 1', 'AVAILABLE'),
	(18, 3141, 10000, 21, 33, 'E구역 1', 'AVAILABLE'),
	(18, 3142, 10000, 22, 33, 'E구역 1', 'AVAILABLE'),
	(18, 3143, 10000, 23, 33, 'E구역 1', 'AVAILABLE'),
	(18, 3144, 10000, 24, 33, 'E구역 1', 'AVAILABLE'),
	(18, 3145, 10000, 25, 33, 'E구역 1', 'AVAILABLE'),
	(18, 3146, 10000, 26, 33, 'E구역 1', 'AVAILABLE'),
	(18, 3147, 10000, 27, 33, 'E구역 1', 'AVAILABLE'),
	(18, 3148, 10000, 28, 33, 'E구역 1', 'AVAILABLE'),
	(18, 3149, 10000, 29, 33, 'E구역 1', 'AVAILABLE'),
	(18, 3150, 10000, 30, 33, 'E구역 1', 'AVAILABLE'),
	(18, 3151, 10000, 1, 34, 'E구역 2', 'AVAILABLE'),
	(18, 3152, 10000, 2, 34, 'E구역 2', 'AVAILABLE'),
	(18, 3153, 10000, 3, 34, 'E구역 2', 'AVAILABLE'),
	(18, 3154, 10000, 4, 34, 'E구역 2', 'AVAILABLE'),
	(18, 3155, 10000, 5, 34, 'E구역 2', 'AVAILABLE'),
	(18, 3156, 10000, 6, 34, 'E구역 2', 'AVAILABLE'),
	(18, 3157, 10000, 7, 34, 'E구역 2', 'AVAILABLE'),
	(18, 3158, 10000, 8, 34, 'E구역 2', 'AVAILABLE'),
	(18, 3159, 10000, 9, 34, 'E구역 2', 'AVAILABLE'),
	(18, 3160, 10000, 10, 34, 'E구역 2', 'AVAILABLE'),
	(18, 3161, 10000, 11, 34, 'E구역 2', 'AVAILABLE'),
	(18, 3162, 10000, 12, 34, 'E구역 2', 'AVAILABLE'),
	(18, 3163, 10000, 13, 34, 'E구역 2', 'AVAILABLE'),
	(18, 3164, 10000, 14, 34, 'E구역 2', 'AVAILABLE'),
	(18, 3165, 10000, 15, 34, 'E구역 2', 'AVAILABLE'),
	(18, 3166, 10000, 16, 34, 'E구역 2', 'AVAILABLE'),
	(18, 3167, 10000, 17, 34, 'E구역 2', 'AVAILABLE'),
	(18, 3168, 10000, 18, 34, 'E구역 2', 'AVAILABLE'),
	(18, 3169, 10000, 19, 34, 'E구역 2', 'AVAILABLE'),
	(18, 3170, 10000, 20, 34, 'E구역 2', 'AVAILABLE'),
	(18, 3171, 10000, 21, 34, 'E구역 2', 'AVAILABLE'),
	(18, 3172, 10000, 22, 34, 'E구역 2', 'AVAILABLE'),
	(18, 3173, 10000, 23, 34, 'E구역 2', 'AVAILABLE'),
	(18, 3174, 10000, 24, 34, 'E구역 2', 'AVAILABLE'),
	(18, 3175, 10000, 25, 34, 'E구역 2', 'AVAILABLE'),
	(18, 3176, 10000, 26, 34, 'E구역 2', 'AVAILABLE'),
	(18, 3177, 10000, 27, 34, 'E구역 2', 'AVAILABLE'),
	(18, 3178, 10000, 28, 34, 'E구역 2', 'AVAILABLE'),
	(18, 3179, 10000, 29, 34, 'E구역 2', 'AVAILABLE'),
	(18, 3180, 10000, 30, 34, 'E구역 2', 'AVAILABLE'),
	(18, 3181, 10000, 1, 35, 'E구역 3', 'AVAILABLE'),
	(18, 3182, 10000, 2, 35, 'E구역 3', 'AVAILABLE'),
	(18, 3183, 10000, 3, 35, 'E구역 3', 'AVAILABLE'),
	(18, 3184, 10000, 4, 35, 'E구역 3', 'AVAILABLE'),
	(18, 3185, 10000, 5, 35, 'E구역 3', 'AVAILABLE'),
	(18, 3186, 10000, 6, 35, 'E구역 3', 'AVAILABLE'),
	(18, 3187, 10000, 7, 35, 'E구역 3', 'AVAILABLE'),
	(18, 3188, 10000, 8, 35, 'E구역 3', 'AVAILABLE'),
	(18, 3189, 10000, 9, 35, 'E구역 3', 'AVAILABLE'),
	(18, 3190, 10000, 10, 35, 'E구역 3', 'AVAILABLE'),
	(18, 3191, 10000, 11, 35, 'E구역 3', 'AVAILABLE'),
	(18, 3192, 10000, 12, 35, 'E구역 3', 'AVAILABLE'),
	(18, 3193, 10000, 13, 35, 'E구역 3', 'AVAILABLE'),
	(18, 3194, 10000, 14, 35, 'E구역 3', 'AVAILABLE'),
	(18, 3195, 10000, 15, 35, 'E구역 3', 'AVAILABLE'),
	(18, 3196, 10000, 16, 35, 'E구역 3', 'AVAILABLE'),
	(18, 3197, 10000, 17, 35, 'E구역 3', 'AVAILABLE'),
	(18, 3198, 10000, 18, 35, 'E구역 3', 'AVAILABLE'),
	(18, 3199, 10000, 19, 35, 'E구역 3', 'AVAILABLE'),
	(18, 3200, 10000, 20, 35, 'E구역 3', 'AVAILABLE'),
	(18, 3201, 10000, 21, 35, 'E구역 3', 'AVAILABLE'),
	(18, 3202, 10000, 22, 35, 'E구역 3', 'AVAILABLE'),
	(18, 3203, 10000, 23, 35, 'E구역 3', 'AVAILABLE'),
	(18, 3204, 10000, 24, 35, 'E구역 3', 'AVAILABLE'),
	(18, 3205, 10000, 25, 35, 'E구역 3', 'AVAILABLE'),
	(18, 3206, 10000, 26, 35, 'E구역 3', 'AVAILABLE'),
	(18, 3207, 10000, 27, 35, 'E구역 3', 'AVAILABLE'),
	(18, 3208, 10000, 28, 35, 'E구역 3', 'AVAILABLE'),
	(18, 3209, 10000, 29, 35, 'E구역 3', 'AVAILABLE'),
	(18, 3210, 10000, 30, 35, 'E구역 3', 'AVAILABLE'),
	(18, 3211, 10000, 1, 36, 'E구역 4', 'AVAILABLE'),
	(18, 3212, 10000, 2, 36, 'E구역 4', 'AVAILABLE'),
	(18, 3213, 10000, 3, 36, 'E구역 4', 'AVAILABLE'),
	(18, 3214, 10000, 4, 36, 'E구역 4', 'AVAILABLE'),
	(18, 3215, 10000, 5, 36, 'E구역 4', 'AVAILABLE'),
	(18, 3216, 10000, 6, 36, 'E구역 4', 'AVAILABLE'),
	(18, 3217, 10000, 7, 36, 'E구역 4', 'AVAILABLE'),
	(18, 3218, 10000, 8, 36, 'E구역 4', 'AVAILABLE'),
	(18, 3219, 10000, 9, 36, 'E구역 4', 'AVAILABLE'),
	(18, 3220, 10000, 10, 36, 'E구역 4', 'AVAILABLE'),
	(18, 3221, 10000, 11, 36, 'E구역 4', 'AVAILABLE'),
	(18, 3222, 10000, 12, 36, 'E구역 4', 'AVAILABLE'),
	(18, 3223, 10000, 13, 36, 'E구역 4', 'AVAILABLE'),
	(18, 3224, 10000, 14, 36, 'E구역 4', 'AVAILABLE'),
	(18, 3225, 10000, 15, 36, 'E구역 4', 'AVAILABLE'),
	(18, 3226, 10000, 16, 36, 'E구역 4', 'AVAILABLE'),
	(18, 3227, 10000, 17, 36, 'E구역 4', 'AVAILABLE'),
	(18, 3228, 10000, 18, 36, 'E구역 4', 'AVAILABLE'),
	(18, 3229, 10000, 19, 36, 'E구역 4', 'AVAILABLE'),
	(18, 3230, 10000, 20, 36, 'E구역 4', 'AVAILABLE'),
	(18, 3231, 10000, 21, 36, 'E구역 4', 'AVAILABLE'),
	(18, 3232, 10000, 22, 36, 'E구역 4', 'AVAILABLE'),
	(18, 3233, 10000, 23, 36, 'E구역 4', 'AVAILABLE'),
	(18, 3234, 10000, 24, 36, 'E구역 4', 'AVAILABLE'),
	(18, 3235, 10000, 25, 36, 'E구역 4', 'AVAILABLE'),
	(18, 3236, 10000, 26, 36, 'E구역 4', 'AVAILABLE'),
	(18, 3237, 10000, 27, 36, 'E구역 4', 'AVAILABLE'),
	(18, 3238, 10000, 28, 36, 'E구역 4', 'AVAILABLE'),
	(18, 3239, 10000, 29, 36, 'E구역 4', 'AVAILABLE'),
	(18, 3240, 10000, 30, 36, 'E구역 4', 'AVAILABLE'),
	(19, 3241, 20000, 1, 37, 'S구역 1', 'AVAILABLE'),
	(19, 3242, 20000, 2, 37, 'S구역 1', 'AVAILABLE'),
	(19, 3243, 20000, 3, 37, 'S구역 1', 'AVAILABLE'),
	(19, 3244, 20000, 4, 37, 'S구역 1', 'AVAILABLE'),
	(19, 3245, 20000, 5, 37, 'S구역 1', 'AVAILABLE'),
	(19, 3246, 20000, 6, 37, 'S구역 1', 'AVAILABLE'),
	(19, 3247, 20000, 7, 37, 'S구역 1', 'AVAILABLE'),
	(19, 3248, 20000, 8, 37, 'S구역 1', 'AVAILABLE'),
	(19, 3249, 20000, 9, 37, 'S구역 1', 'AVAILABLE'),
	(19, 3250, 20000, 10, 37, 'S구역 1', 'AVAILABLE'),
	(19, 3251, 20000, 11, 37, 'S구역 1', 'AVAILABLE'),
	(19, 3252, 20000, 12, 37, 'S구역 1', 'AVAILABLE'),
	(19, 3253, 20000, 13, 37, 'S구역 1', 'AVAILABLE'),
	(19, 3254, 20000, 14, 37, 'S구역 1', 'AVAILABLE'),
	(19, 3255, 20000, 15, 37, 'S구역 1', 'AVAILABLE'),
	(19, 3256, 20000, 16, 37, 'S구역 1', 'AVAILABLE'),
	(19, 3257, 20000, 17, 37, 'S구역 1', 'AVAILABLE'),
	(19, 3258, 20000, 18, 37, 'S구역 1', 'AVAILABLE'),
	(19, 3259, 20000, 19, 37, 'S구역 1', 'AVAILABLE'),
	(19, 3260, 20000, 20, 37, 'S구역 1', 'AVAILABLE'),
	(19, 3261, 20000, 21, 37, 'S구역 1', 'AVAILABLE'),
	(19, 3262, 20000, 22, 37, 'S구역 1', 'AVAILABLE'),
	(19, 3263, 20000, 23, 37, 'S구역 1', 'AVAILABLE'),
	(19, 3264, 20000, 24, 37, 'S구역 1', 'AVAILABLE'),
	(19, 3265, 20000, 25, 37, 'S구역 1', 'AVAILABLE'),
	(19, 3266, 20000, 26, 37, 'S구역 1', 'AVAILABLE'),
	(19, 3267, 20000, 27, 37, 'S구역 1', 'AVAILABLE'),
	(19, 3268, 20000, 28, 37, 'S구역 1', 'AVAILABLE'),
	(19, 3269, 20000, 29, 37, 'S구역 1', 'AVAILABLE'),
	(19, 3270, 20000, 30, 37, 'S구역 1', 'AVAILABLE'),
	(19, 3271, 20000, 1, 38, 'S구역 2', 'AVAILABLE'),
	(19, 3272, 20000, 2, 38, 'S구역 2', 'AVAILABLE'),
	(19, 3273, 20000, 3, 38, 'S구역 2', 'AVAILABLE'),
	(19, 3274, 20000, 4, 38, 'S구역 2', 'AVAILABLE'),
	(19, 3275, 20000, 5, 38, 'S구역 2', 'AVAILABLE'),
	(19, 3276, 20000, 6, 38, 'S구역 2', 'AVAILABLE'),
	(19, 3277, 20000, 7, 38, 'S구역 2', 'AVAILABLE'),
	(19, 3278, 20000, 8, 38, 'S구역 2', 'AVAILABLE'),
	(19, 3279, 20000, 9, 38, 'S구역 2', 'AVAILABLE'),
	(19, 3280, 20000, 10, 38, 'S구역 2', 'AVAILABLE'),
	(19, 3281, 20000, 11, 38, 'S구역 2', 'AVAILABLE'),
	(19, 3282, 20000, 12, 38, 'S구역 2', 'AVAILABLE'),
	(19, 3283, 20000, 13, 38, 'S구역 2', 'AVAILABLE'),
	(19, 3284, 20000, 14, 38, 'S구역 2', 'AVAILABLE'),
	(19, 3285, 20000, 15, 38, 'S구역 2', 'AVAILABLE'),
	(19, 3286, 20000, 16, 38, 'S구역 2', 'AVAILABLE'),
	(19, 3287, 20000, 17, 38, 'S구역 2', 'AVAILABLE'),
	(19, 3288, 20000, 18, 38, 'S구역 2', 'AVAILABLE'),
	(19, 3289, 20000, 19, 38, 'S구역 2', 'AVAILABLE'),
	(19, 3290, 20000, 20, 38, 'S구역 2', 'AVAILABLE'),
	(19, 3291, 20000, 21, 38, 'S구역 2', 'AVAILABLE'),
	(19, 3292, 20000, 22, 38, 'S구역 2', 'AVAILABLE'),
	(19, 3293, 20000, 23, 38, 'S구역 2', 'AVAILABLE'),
	(19, 3294, 20000, 24, 38, 'S구역 2', 'AVAILABLE'),
	(19, 3295, 20000, 25, 38, 'S구역 2', 'AVAILABLE'),
	(19, 3296, 20000, 26, 38, 'S구역 2', 'AVAILABLE'),
	(19, 3297, 20000, 27, 38, 'S구역 2', 'AVAILABLE'),
	(19, 3298, 20000, 28, 38, 'S구역 2', 'AVAILABLE'),
	(19, 3299, 20000, 29, 38, 'S구역 2', 'AVAILABLE'),
	(19, 3300, 20000, 30, 38, 'S구역 2', 'AVAILABLE'),
	(19, 3301, 15000, 1, 39, 'R구역 1', 'AVAILABLE'),
	(19, 3302, 15000, 2, 39, 'R구역 1', 'AVAILABLE'),
	(19, 3303, 15000, 3, 39, 'R구역 1', 'AVAILABLE'),
	(19, 3304, 15000, 4, 39, 'R구역 1', 'AVAILABLE'),
	(19, 3305, 15000, 5, 39, 'R구역 1', 'AVAILABLE'),
	(19, 3306, 15000, 6, 39, 'R구역 1', 'AVAILABLE'),
	(19, 3307, 15000, 7, 39, 'R구역 1', 'AVAILABLE'),
	(19, 3308, 15000, 8, 39, 'R구역 1', 'AVAILABLE'),
	(19, 3309, 15000, 9, 39, 'R구역 1', 'AVAILABLE'),
	(19, 3310, 15000, 10, 39, 'R구역 1', 'AVAILABLE'),
	(19, 3311, 15000, 11, 39, 'R구역 1', 'AVAILABLE'),
	(19, 3312, 15000, 12, 39, 'R구역 1', 'AVAILABLE'),
	(19, 3313, 15000, 13, 39, 'R구역 1', 'AVAILABLE'),
	(19, 3314, 15000, 14, 39, 'R구역 1', 'AVAILABLE'),
	(19, 3315, 15000, 15, 39, 'R구역 1', 'AVAILABLE'),
	(19, 3316, 15000, 16, 39, 'R구역 1', 'AVAILABLE'),
	(19, 3317, 15000, 17, 39, 'R구역 1', 'AVAILABLE'),
	(19, 3318, 15000, 18, 39, 'R구역 1', 'AVAILABLE'),
	(19, 3319, 15000, 19, 39, 'R구역 1', 'AVAILABLE'),
	(19, 3320, 15000, 20, 39, 'R구역 1', 'AVAILABLE'),
	(19, 3321, 15000, 21, 39, 'R구역 1', 'AVAILABLE'),
	(19, 3322, 15000, 22, 39, 'R구역 1', 'AVAILABLE'),
	(19, 3323, 15000, 23, 39, 'R구역 1', 'AVAILABLE'),
	(19, 3324, 15000, 24, 39, 'R구역 1', 'AVAILABLE'),
	(19, 3325, 15000, 25, 39, 'R구역 1', 'AVAILABLE'),
	(19, 3326, 15000, 26, 39, 'R구역 1', 'AVAILABLE'),
	(19, 3327, 15000, 27, 39, 'R구역 1', 'AVAILABLE'),
	(19, 3328, 15000, 28, 39, 'R구역 1', 'AVAILABLE'),
	(19, 3329, 15000, 29, 39, 'R구역 1', 'AVAILABLE'),
	(19, 3330, 15000, 30, 39, 'R구역 1', 'AVAILABLE'),
	(19, 3331, 15000, 1, 40, 'R구역 2', 'AVAILABLE'),
	(19, 3332, 15000, 2, 40, 'R구역 2', 'AVAILABLE'),
	(19, 3333, 15000, 3, 40, 'R구역 2', 'AVAILABLE'),
	(19, 3334, 15000, 4, 40, 'R구역 2', 'AVAILABLE'),
	(19, 3335, 15000, 5, 40, 'R구역 2', 'AVAILABLE'),
	(19, 3336, 15000, 6, 40, 'R구역 2', 'AVAILABLE'),
	(19, 3337, 15000, 7, 40, 'R구역 2', 'AVAILABLE'),
	(19, 3338, 15000, 8, 40, 'R구역 2', 'AVAILABLE'),
	(19, 3339, 15000, 9, 40, 'R구역 2', 'AVAILABLE'),
	(19, 3340, 15000, 10, 40, 'R구역 2', 'AVAILABLE'),
	(19, 3341, 15000, 11, 40, 'R구역 2', 'AVAILABLE'),
	(19, 3342, 15000, 12, 40, 'R구역 2', 'AVAILABLE'),
	(19, 3343, 15000, 13, 40, 'R구역 2', 'AVAILABLE'),
	(19, 3344, 15000, 14, 40, 'R구역 2', 'AVAILABLE'),
	(19, 3345, 15000, 15, 40, 'R구역 2', 'AVAILABLE'),
	(19, 3346, 15000, 16, 40, 'R구역 2', 'AVAILABLE'),
	(19, 3347, 15000, 17, 40, 'R구역 2', 'AVAILABLE'),
	(19, 3348, 15000, 18, 40, 'R구역 2', 'AVAILABLE'),
	(19, 3349, 15000, 19, 40, 'R구역 2', 'AVAILABLE'),
	(19, 3350, 15000, 20, 40, 'R구역 2', 'AVAILABLE'),
	(19, 3351, 15000, 21, 40, 'R구역 2', 'AVAILABLE'),
	(19, 3352, 15000, 22, 40, 'R구역 2', 'AVAILABLE'),
	(19, 3353, 15000, 23, 40, 'R구역 2', 'AVAILABLE'),
	(19, 3354, 15000, 24, 40, 'R구역 2', 'AVAILABLE'),
	(19, 3355, 15000, 25, 40, 'R구역 2', 'AVAILABLE'),
	(19, 3356, 15000, 26, 40, 'R구역 2', 'AVAILABLE'),
	(19, 3357, 15000, 27, 40, 'R구역 2', 'AVAILABLE'),
	(19, 3358, 15000, 28, 40, 'R구역 2', 'AVAILABLE'),
	(19, 3359, 15000, 29, 40, 'R구역 2', 'AVAILABLE'),
	(19, 3360, 15000, 30, 40, 'R구역 2', 'AVAILABLE'),
	(19, 3361, 15000, 1, 41, 'R구역 3', 'AVAILABLE'),
	(19, 3362, 15000, 2, 41, 'R구역 3', 'AVAILABLE'),
	(19, 3363, 15000, 3, 41, 'R구역 3', 'AVAILABLE'),
	(19, 3364, 15000, 4, 41, 'R구역 3', 'AVAILABLE'),
	(19, 3365, 15000, 5, 41, 'R구역 3', 'AVAILABLE'),
	(19, 3366, 15000, 6, 41, 'R구역 3', 'AVAILABLE'),
	(19, 3367, 15000, 7, 41, 'R구역 3', 'AVAILABLE'),
	(19, 3368, 15000, 8, 41, 'R구역 3', 'AVAILABLE'),
	(19, 3369, 15000, 9, 41, 'R구역 3', 'AVAILABLE'),
	(19, 3370, 15000, 10, 41, 'R구역 3', 'AVAILABLE'),
	(19, 3371, 15000, 11, 41, 'R구역 3', 'AVAILABLE'),
	(19, 3372, 15000, 12, 41, 'R구역 3', 'AVAILABLE'),
	(19, 3373, 15000, 13, 41, 'R구역 3', 'AVAILABLE'),
	(19, 3374, 15000, 14, 41, 'R구역 3', 'AVAILABLE'),
	(19, 3375, 15000, 15, 41, 'R구역 3', 'AVAILABLE'),
	(19, 3376, 15000, 16, 41, 'R구역 3', 'AVAILABLE'),
	(19, 3377, 15000, 17, 41, 'R구역 3', 'AVAILABLE'),
	(19, 3378, 15000, 18, 41, 'R구역 3', 'AVAILABLE'),
	(19, 3379, 15000, 19, 41, 'R구역 3', 'AVAILABLE'),
	(19, 3380, 15000, 20, 41, 'R구역 3', 'AVAILABLE'),
	(19, 3381, 15000, 21, 41, 'R구역 3', 'AVAILABLE'),
	(19, 3382, 15000, 22, 41, 'R구역 3', 'AVAILABLE'),
	(19, 3383, 15000, 23, 41, 'R구역 3', 'AVAILABLE'),
	(19, 3384, 15000, 24, 41, 'R구역 3', 'AVAILABLE'),
	(19, 3385, 15000, 25, 41, 'R구역 3', 'AVAILABLE'),
	(19, 3386, 15000, 26, 41, 'R구역 3', 'AVAILABLE'),
	(19, 3387, 15000, 27, 41, 'R구역 3', 'AVAILABLE'),
	(19, 3388, 15000, 28, 41, 'R구역 3', 'AVAILABLE'),
	(19, 3389, 15000, 29, 41, 'R구역 3', 'AVAILABLE'),
	(19, 3390, 15000, 30, 41, 'R구역 3', 'AVAILABLE'),
	(19, 3391, 15000, 1, 42, 'R구역 4', 'AVAILABLE'),
	(19, 3392, 15000, 2, 42, 'R구역 4', 'AVAILABLE'),
	(19, 3393, 15000, 3, 42, 'R구역 4', 'AVAILABLE'),
	(19, 3394, 15000, 4, 42, 'R구역 4', 'AVAILABLE'),
	(19, 3395, 15000, 5, 42, 'R구역 4', 'AVAILABLE'),
	(19, 3396, 15000, 6, 42, 'R구역 4', 'AVAILABLE'),
	(19, 3397, 15000, 7, 42, 'R구역 4', 'AVAILABLE'),
	(19, 3398, 15000, 8, 42, 'R구역 4', 'AVAILABLE'),
	(19, 3399, 15000, 9, 42, 'R구역 4', 'AVAILABLE'),
	(19, 3400, 15000, 10, 42, 'R구역 4', 'AVAILABLE'),
	(19, 3401, 15000, 11, 42, 'R구역 4', 'AVAILABLE'),
	(19, 3402, 15000, 12, 42, 'R구역 4', 'AVAILABLE'),
	(19, 3403, 15000, 13, 42, 'R구역 4', 'AVAILABLE'),
	(19, 3404, 15000, 14, 42, 'R구역 4', 'AVAILABLE'),
	(19, 3405, 15000, 15, 42, 'R구역 4', 'AVAILABLE'),
	(19, 3406, 15000, 16, 42, 'R구역 4', 'AVAILABLE'),
	(19, 3407, 15000, 17, 42, 'R구역 4', 'AVAILABLE'),
	(19, 3408, 15000, 18, 42, 'R구역 4', 'AVAILABLE'),
	(19, 3409, 15000, 19, 42, 'R구역 4', 'AVAILABLE'),
	(19, 3410, 15000, 20, 42, 'R구역 4', 'AVAILABLE'),
	(19, 3411, 15000, 21, 42, 'R구역 4', 'AVAILABLE'),
	(19, 3412, 15000, 22, 42, 'R구역 4', 'AVAILABLE'),
	(19, 3413, 15000, 23, 42, 'R구역 4', 'AVAILABLE'),
	(19, 3414, 15000, 24, 42, 'R구역 4', 'AVAILABLE'),
	(19, 3415, 15000, 25, 42, 'R구역 4', 'AVAILABLE'),
	(19, 3416, 15000, 26, 42, 'R구역 4', 'AVAILABLE'),
	(19, 3417, 15000, 27, 42, 'R구역 4', 'AVAILABLE'),
	(19, 3418, 15000, 28, 42, 'R구역 4', 'AVAILABLE'),
	(19, 3419, 15000, 29, 42, 'R구역 4', 'AVAILABLE'),
	(19, 3420, 15000, 30, 42, 'R구역 4', 'AVAILABLE'),
	(19, 3421, 10000, 1, 43, 'W구역 1', 'AVAILABLE'),
	(19, 3422, 10000, 2, 43, 'W구역 1', 'AVAILABLE'),
	(19, 3423, 10000, 3, 43, 'W구역 1', 'AVAILABLE'),
	(19, 3424, 10000, 4, 43, 'W구역 1', 'AVAILABLE'),
	(19, 3425, 10000, 5, 43, 'W구역 1', 'AVAILABLE'),
	(19, 3426, 10000, 6, 43, 'W구역 1', 'AVAILABLE'),
	(19, 3427, 10000, 7, 43, 'W구역 1', 'AVAILABLE'),
	(19, 3428, 10000, 8, 43, 'W구역 1', 'AVAILABLE'),
	(19, 3429, 10000, 9, 43, 'W구역 1', 'AVAILABLE'),
	(19, 3430, 10000, 10, 43, 'W구역 1', 'AVAILABLE'),
	(19, 3431, 10000, 11, 43, 'W구역 1', 'AVAILABLE'),
	(19, 3432, 10000, 12, 43, 'W구역 1', 'AVAILABLE'),
	(19, 3433, 10000, 13, 43, 'W구역 1', 'AVAILABLE'),
	(19, 3434, 10000, 14, 43, 'W구역 1', 'AVAILABLE'),
	(19, 3435, 10000, 15, 43, 'W구역 1', 'AVAILABLE'),
	(19, 3436, 10000, 16, 43, 'W구역 1', 'AVAILABLE'),
	(19, 3437, 10000, 17, 43, 'W구역 1', 'AVAILABLE'),
	(19, 3438, 10000, 18, 43, 'W구역 1', 'AVAILABLE'),
	(19, 3439, 10000, 19, 43, 'W구역 1', 'AVAILABLE'),
	(19, 3440, 10000, 20, 43, 'W구역 1', 'AVAILABLE'),
	(19, 3441, 10000, 21, 43, 'W구역 1', 'AVAILABLE'),
	(19, 3442, 10000, 22, 43, 'W구역 1', 'AVAILABLE'),
	(19, 3443, 10000, 23, 43, 'W구역 1', 'AVAILABLE'),
	(19, 3444, 10000, 24, 43, 'W구역 1', 'AVAILABLE'),
	(19, 3445, 10000, 25, 43, 'W구역 1', 'AVAILABLE'),
	(19, 3446, 10000, 26, 43, 'W구역 1', 'AVAILABLE'),
	(19, 3447, 10000, 27, 43, 'W구역 1', 'AVAILABLE'),
	(19, 3448, 10000, 28, 43, 'W구역 1', 'AVAILABLE'),
	(19, 3449, 10000, 29, 43, 'W구역 1', 'AVAILABLE'),
	(19, 3450, 10000, 30, 43, 'W구역 1', 'AVAILABLE'),
	(19, 3451, 10000, 1, 44, 'W구역 2', 'AVAILABLE'),
	(19, 3452, 10000, 2, 44, 'W구역 2', 'AVAILABLE'),
	(19, 3453, 10000, 3, 44, 'W구역 2', 'AVAILABLE'),
	(19, 3454, 10000, 4, 44, 'W구역 2', 'AVAILABLE'),
	(19, 3455, 10000, 5, 44, 'W구역 2', 'AVAILABLE'),
	(19, 3456, 10000, 6, 44, 'W구역 2', 'AVAILABLE'),
	(19, 3457, 10000, 7, 44, 'W구역 2', 'AVAILABLE'),
	(19, 3458, 10000, 8, 44, 'W구역 2', 'AVAILABLE'),
	(19, 3459, 10000, 9, 44, 'W구역 2', 'AVAILABLE'),
	(19, 3460, 10000, 10, 44, 'W구역 2', 'AVAILABLE'),
	(19, 3461, 10000, 11, 44, 'W구역 2', 'AVAILABLE'),
	(19, 3462, 10000, 12, 44, 'W구역 2', 'AVAILABLE'),
	(19, 3463, 10000, 13, 44, 'W구역 2', 'AVAILABLE'),
	(19, 3464, 10000, 14, 44, 'W구역 2', 'AVAILABLE'),
	(19, 3465, 10000, 15, 44, 'W구역 2', 'AVAILABLE'),
	(19, 3466, 10000, 16, 44, 'W구역 2', 'AVAILABLE'),
	(19, 3467, 10000, 17, 44, 'W구역 2', 'AVAILABLE'),
	(19, 3468, 10000, 18, 44, 'W구역 2', 'AVAILABLE'),
	(19, 3469, 10000, 19, 44, 'W구역 2', 'AVAILABLE'),
	(19, 3470, 10000, 20, 44, 'W구역 2', 'AVAILABLE'),
	(19, 3471, 10000, 21, 44, 'W구역 2', 'AVAILABLE'),
	(19, 3472, 10000, 22, 44, 'W구역 2', 'AVAILABLE'),
	(19, 3473, 10000, 23, 44, 'W구역 2', 'AVAILABLE'),
	(19, 3474, 10000, 24, 44, 'W구역 2', 'AVAILABLE'),
	(19, 3475, 10000, 25, 44, 'W구역 2', 'AVAILABLE'),
	(19, 3476, 10000, 26, 44, 'W구역 2', 'AVAILABLE'),
	(19, 3477, 10000, 27, 44, 'W구역 2', 'AVAILABLE'),
	(19, 3478, 10000, 28, 44, 'W구역 2', 'AVAILABLE'),
	(19, 3479, 10000, 29, 44, 'W구역 2', 'AVAILABLE'),
	(19, 3480, 10000, 30, 44, 'W구역 2', 'AVAILABLE'),
	(19, 3481, 10000, 1, 45, 'E구역 1', 'AVAILABLE'),
	(19, 3482, 10000, 2, 45, 'E구역 1', 'AVAILABLE'),
	(19, 3483, 10000, 3, 45, 'E구역 1', 'AVAILABLE'),
	(19, 3484, 10000, 4, 45, 'E구역 1', 'AVAILABLE'),
	(19, 3485, 10000, 5, 45, 'E구역 1', 'AVAILABLE'),
	(19, 3486, 10000, 6, 45, 'E구역 1', 'AVAILABLE'),
	(19, 3487, 10000, 7, 45, 'E구역 1', 'AVAILABLE'),
	(19, 3488, 10000, 8, 45, 'E구역 1', 'AVAILABLE'),
	(19, 3489, 10000, 9, 45, 'E구역 1', 'AVAILABLE'),
	(19, 3490, 10000, 10, 45, 'E구역 1', 'AVAILABLE'),
	(19, 3491, 10000, 11, 45, 'E구역 1', 'AVAILABLE'),
	(19, 3492, 10000, 12, 45, 'E구역 1', 'AVAILABLE'),
	(19, 3493, 10000, 13, 45, 'E구역 1', 'AVAILABLE'),
	(19, 3494, 10000, 14, 45, 'E구역 1', 'AVAILABLE'),
	(19, 3495, 10000, 15, 45, 'E구역 1', 'AVAILABLE'),
	(19, 3496, 10000, 16, 45, 'E구역 1', 'AVAILABLE'),
	(19, 3497, 10000, 17, 45, 'E구역 1', 'AVAILABLE'),
	(19, 3498, 10000, 18, 45, 'E구역 1', 'AVAILABLE'),
	(19, 3499, 10000, 19, 45, 'E구역 1', 'AVAILABLE'),
	(19, 3500, 10000, 20, 45, 'E구역 1', 'AVAILABLE'),
	(19, 3501, 10000, 21, 45, 'E구역 1', 'AVAILABLE'),
	(19, 3502, 10000, 22, 45, 'E구역 1', 'AVAILABLE'),
	(19, 3503, 10000, 23, 45, 'E구역 1', 'AVAILABLE'),
	(19, 3504, 10000, 24, 45, 'E구역 1', 'AVAILABLE'),
	(19, 3505, 10000, 25, 45, 'E구역 1', 'AVAILABLE'),
	(19, 3506, 10000, 26, 45, 'E구역 1', 'AVAILABLE'),
	(19, 3507, 10000, 27, 45, 'E구역 1', 'AVAILABLE'),
	(19, 3508, 10000, 28, 45, 'E구역 1', 'AVAILABLE'),
	(19, 3509, 10000, 29, 45, 'E구역 1', 'AVAILABLE'),
	(19, 3510, 10000, 30, 45, 'E구역 1', 'AVAILABLE'),
	(19, 3511, 10000, 1, 46, 'E구역 2', 'AVAILABLE'),
	(19, 3512, 10000, 2, 46, 'E구역 2', 'AVAILABLE'),
	(19, 3513, 10000, 3, 46, 'E구역 2', 'AVAILABLE'),
	(19, 3514, 10000, 4, 46, 'E구역 2', 'AVAILABLE'),
	(19, 3515, 10000, 5, 46, 'E구역 2', 'AVAILABLE'),
	(19, 3516, 10000, 6, 46, 'E구역 2', 'AVAILABLE'),
	(19, 3517, 10000, 7, 46, 'E구역 2', 'AVAILABLE'),
	(19, 3518, 10000, 8, 46, 'E구역 2', 'AVAILABLE'),
	(19, 3519, 10000, 9, 46, 'E구역 2', 'AVAILABLE'),
	(19, 3520, 10000, 10, 46, 'E구역 2', 'AVAILABLE'),
	(19, 3521, 10000, 11, 46, 'E구역 2', 'AVAILABLE'),
	(19, 3522, 10000, 12, 46, 'E구역 2', 'AVAILABLE'),
	(19, 3523, 10000, 13, 46, 'E구역 2', 'AVAILABLE'),
	(19, 3524, 10000, 14, 46, 'E구역 2', 'AVAILABLE'),
	(19, 3525, 10000, 15, 46, 'E구역 2', 'AVAILABLE'),
	(19, 3526, 10000, 16, 46, 'E구역 2', 'AVAILABLE'),
	(19, 3527, 10000, 17, 46, 'E구역 2', 'AVAILABLE'),
	(19, 3528, 10000, 18, 46, 'E구역 2', 'AVAILABLE'),
	(19, 3529, 10000, 19, 46, 'E구역 2', 'AVAILABLE'),
	(19, 3530, 10000, 20, 46, 'E구역 2', 'AVAILABLE'),
	(19, 3531, 10000, 21, 46, 'E구역 2', 'AVAILABLE'),
	(19, 3532, 10000, 22, 46, 'E구역 2', 'AVAILABLE'),
	(19, 3533, 10000, 23, 46, 'E구역 2', 'AVAILABLE'),
	(19, 3534, 10000, 24, 46, 'E구역 2', 'AVAILABLE'),
	(19, 3535, 10000, 25, 46, 'E구역 2', 'AVAILABLE'),
	(19, 3536, 10000, 26, 46, 'E구역 2', 'AVAILABLE'),
	(19, 3537, 10000, 27, 46, 'E구역 2', 'AVAILABLE'),
	(19, 3538, 10000, 28, 46, 'E구역 2', 'AVAILABLE'),
	(19, 3539, 10000, 29, 46, 'E구역 2', 'AVAILABLE'),
	(19, 3540, 10000, 30, 46, 'E구역 2', 'AVAILABLE'),
	(19, 3541, 10000, 1, 47, 'E구역 3', 'AVAILABLE'),
	(19, 3542, 10000, 2, 47, 'E구역 3', 'AVAILABLE'),
	(19, 3543, 10000, 3, 47, 'E구역 3', 'AVAILABLE'),
	(19, 3544, 10000, 4, 47, 'E구역 3', 'AVAILABLE'),
	(19, 3545, 10000, 5, 47, 'E구역 3', 'AVAILABLE'),
	(19, 3546, 10000, 6, 47, 'E구역 3', 'AVAILABLE'),
	(19, 3547, 10000, 7, 47, 'E구역 3', 'AVAILABLE'),
	(19, 3548, 10000, 8, 47, 'E구역 3', 'AVAILABLE'),
	(19, 3549, 10000, 9, 47, 'E구역 3', 'AVAILABLE'),
	(19, 3550, 10000, 10, 47, 'E구역 3', 'AVAILABLE'),
	(19, 3551, 10000, 11, 47, 'E구역 3', 'AVAILABLE'),
	(19, 3552, 10000, 12, 47, 'E구역 3', 'AVAILABLE'),
	(19, 3553, 10000, 13, 47, 'E구역 3', 'AVAILABLE'),
	(19, 3554, 10000, 14, 47, 'E구역 3', 'AVAILABLE'),
	(19, 3555, 10000, 15, 47, 'E구역 3', 'AVAILABLE'),
	(19, 3556, 10000, 16, 47, 'E구역 3', 'AVAILABLE'),
	(19, 3557, 10000, 17, 47, 'E구역 3', 'AVAILABLE'),
	(19, 3558, 10000, 18, 47, 'E구역 3', 'AVAILABLE'),
	(19, 3559, 10000, 19, 47, 'E구역 3', 'AVAILABLE'),
	(19, 3560, 10000, 20, 47, 'E구역 3', 'AVAILABLE'),
	(19, 3561, 10000, 21, 47, 'E구역 3', 'AVAILABLE'),
	(19, 3562, 10000, 22, 47, 'E구역 3', 'AVAILABLE'),
	(19, 3563, 10000, 23, 47, 'E구역 3', 'AVAILABLE'),
	(19, 3564, 10000, 24, 47, 'E구역 3', 'AVAILABLE'),
	(19, 3565, 10000, 25, 47, 'E구역 3', 'AVAILABLE'),
	(19, 3566, 10000, 26, 47, 'E구역 3', 'AVAILABLE'),
	(19, 3567, 10000, 27, 47, 'E구역 3', 'AVAILABLE'),
	(19, 3568, 10000, 28, 47, 'E구역 3', 'AVAILABLE'),
	(19, 3569, 10000, 29, 47, 'E구역 3', 'AVAILABLE'),
	(19, 3570, 10000, 30, 47, 'E구역 3', 'AVAILABLE'),
	(19, 3571, 10000, 1, 48, 'E구역 4', 'AVAILABLE'),
	(19, 3572, 10000, 2, 48, 'E구역 4', 'AVAILABLE'),
	(19, 3573, 10000, 3, 48, 'E구역 4', 'AVAILABLE'),
	(19, 3574, 10000, 4, 48, 'E구역 4', 'AVAILABLE'),
	(19, 3575, 10000, 5, 48, 'E구역 4', 'AVAILABLE'),
	(19, 3576, 10000, 6, 48, 'E구역 4', 'AVAILABLE'),
	(19, 3577, 10000, 7, 48, 'E구역 4', 'AVAILABLE'),
	(19, 3578, 10000, 8, 48, 'E구역 4', 'AVAILABLE'),
	(19, 3579, 10000, 9, 48, 'E구역 4', 'AVAILABLE'),
	(19, 3580, 10000, 10, 48, 'E구역 4', 'AVAILABLE'),
	(19, 3581, 10000, 11, 48, 'E구역 4', 'AVAILABLE'),
	(19, 3582, 10000, 12, 48, 'E구역 4', 'AVAILABLE'),
	(19, 3583, 10000, 13, 48, 'E구역 4', 'AVAILABLE'),
	(19, 3584, 10000, 14, 48, 'E구역 4', 'AVAILABLE'),
	(19, 3585, 10000, 15, 48, 'E구역 4', 'AVAILABLE'),
	(19, 3586, 10000, 16, 48, 'E구역 4', 'AVAILABLE'),
	(19, 3587, 10000, 17, 48, 'E구역 4', 'AVAILABLE'),
	(19, 3588, 10000, 18, 48, 'E구역 4', 'AVAILABLE'),
	(19, 3589, 10000, 19, 48, 'E구역 4', 'AVAILABLE'),
	(19, 3590, 10000, 20, 48, 'E구역 4', 'AVAILABLE'),
	(19, 3591, 10000, 21, 48, 'E구역 4', 'AVAILABLE'),
	(19, 3592, 10000, 22, 48, 'E구역 4', 'AVAILABLE'),
	(19, 3593, 10000, 23, 48, 'E구역 4', 'AVAILABLE'),
	(19, 3594, 10000, 24, 48, 'E구역 4', 'AVAILABLE'),
	(19, 3595, 10000, 25, 48, 'E구역 4', 'AVAILABLE'),
	(19, 3596, 10000, 26, 48, 'E구역 4', 'AVAILABLE'),
	(19, 3597, 10000, 27, 48, 'E구역 4', 'AVAILABLE'),
	(19, 3598, 10000, 28, 48, 'E구역 4', 'AVAILABLE'),
	(19, 3599, 10000, 29, 48, 'E구역 4', 'AVAILABLE'),
	(19, 3600, 10000, 30, 48, 'E구역 4', 'AVAILABLE'),
	(21, 3961, 20000, 1, 61, 'S구역 1', 'AVAILABLE'),
	(21, 3962, 20000, 2, 61, 'S구역 1', 'AVAILABLE'),
	(21, 3963, 20000, 3, 61, 'S구역 1', 'AVAILABLE'),
	(21, 3964, 20000, 4, 61, 'S구역 1', 'AVAILABLE'),
	(21, 3965, 20000, 5, 61, 'S구역 1', 'AVAILABLE'),
	(21, 3966, 20000, 6, 61, 'S구역 1', 'AVAILABLE'),
	(21, 3967, 20000, 7, 61, 'S구역 1', 'AVAILABLE'),
	(21, 3968, 20000, 8, 61, 'S구역 1', 'AVAILABLE'),
	(21, 3969, 20000, 9, 61, 'S구역 1', 'AVAILABLE'),
	(21, 3970, 20000, 10, 61, 'S구역 1', 'AVAILABLE'),
	(21, 3971, 20000, 11, 61, 'S구역 1', 'AVAILABLE'),
	(21, 3972, 20000, 12, 61, 'S구역 1', 'AVAILABLE'),
	(21, 3973, 20000, 13, 61, 'S구역 1', 'AVAILABLE'),
	(21, 3974, 20000, 14, 61, 'S구역 1', 'AVAILABLE'),
	(21, 3975, 20000, 15, 61, 'S구역 1', 'AVAILABLE'),
	(21, 3976, 20000, 16, 61, 'S구역 1', 'AVAILABLE'),
	(21, 3977, 20000, 17, 61, 'S구역 1', 'AVAILABLE'),
	(21, 3978, 20000, 18, 61, 'S구역 1', 'AVAILABLE'),
	(21, 3979, 20000, 19, 61, 'S구역 1', 'AVAILABLE'),
	(21, 3980, 20000, 20, 61, 'S구역 1', 'AVAILABLE'),
	(21, 3981, 20000, 21, 61, 'S구역 1', 'AVAILABLE'),
	(21, 3982, 20000, 22, 61, 'S구역 1', 'AVAILABLE'),
	(21, 3983, 20000, 23, 61, 'S구역 1', 'AVAILABLE'),
	(21, 3984, 20000, 24, 61, 'S구역 1', 'AVAILABLE'),
	(21, 3985, 20000, 25, 61, 'S구역 1', 'AVAILABLE'),
	(21, 3986, 20000, 26, 61, 'S구역 1', 'AVAILABLE'),
	(21, 3987, 20000, 27, 61, 'S구역 1', 'AVAILABLE'),
	(21, 3988, 20000, 28, 61, 'S구역 1', 'AVAILABLE'),
	(21, 3989, 20000, 29, 61, 'S구역 1', 'AVAILABLE'),
	(21, 3990, 20000, 30, 61, 'S구역 1', 'AVAILABLE'),
	(21, 3991, 20000, 1, 62, 'S구역 2', 'AVAILABLE'),
	(21, 3992, 20000, 2, 62, 'S구역 2', 'AVAILABLE'),
	(21, 3993, 20000, 3, 62, 'S구역 2', 'AVAILABLE'),
	(21, 3994, 20000, 4, 62, 'S구역 2', 'AVAILABLE'),
	(21, 3995, 20000, 5, 62, 'S구역 2', 'AVAILABLE'),
	(21, 3996, 20000, 6, 62, 'S구역 2', 'AVAILABLE'),
	(21, 3997, 20000, 7, 62, 'S구역 2', 'AVAILABLE'),
	(21, 3998, 20000, 8, 62, 'S구역 2', 'AVAILABLE'),
	(21, 3999, 20000, 9, 62, 'S구역 2', 'AVAILABLE'),
	(21, 4000, 20000, 10, 62, 'S구역 2', 'AVAILABLE'),
	(21, 4001, 20000, 11, 62, 'S구역 2', 'AVAILABLE'),
	(21, 4002, 20000, 12, 62, 'S구역 2', 'AVAILABLE'),
	(21, 4003, 20000, 13, 62, 'S구역 2', 'AVAILABLE'),
	(21, 4004, 20000, 14, 62, 'S구역 2', 'AVAILABLE'),
	(21, 4005, 20000, 15, 62, 'S구역 2', 'AVAILABLE'),
	(21, 4006, 20000, 16, 62, 'S구역 2', 'AVAILABLE'),
	(21, 4007, 20000, 17, 62, 'S구역 2', 'AVAILABLE'),
	(21, 4008, 20000, 18, 62, 'S구역 2', 'AVAILABLE'),
	(21, 4009, 20000, 19, 62, 'S구역 2', 'AVAILABLE'),
	(21, 4010, 20000, 20, 62, 'S구역 2', 'AVAILABLE'),
	(21, 4011, 20000, 21, 62, 'S구역 2', 'AVAILABLE'),
	(21, 4012, 20000, 22, 62, 'S구역 2', 'AVAILABLE'),
	(21, 4013, 20000, 23, 62, 'S구역 2', 'AVAILABLE'),
	(21, 4014, 20000, 24, 62, 'S구역 2', 'AVAILABLE'),
	(21, 4015, 20000, 25, 62, 'S구역 2', 'AVAILABLE'),
	(21, 4016, 20000, 26, 62, 'S구역 2', 'AVAILABLE'),
	(21, 4017, 20000, 27, 62, 'S구역 2', 'AVAILABLE'),
	(21, 4018, 20000, 28, 62, 'S구역 2', 'AVAILABLE'),
	(21, 4019, 20000, 29, 62, 'S구역 2', 'AVAILABLE'),
	(21, 4020, 20000, 30, 62, 'S구역 2', 'AVAILABLE'),
	(21, 4021, 15000, 1, 63, 'R구역 1', 'AVAILABLE'),
	(21, 4022, 15000, 2, 63, 'R구역 1', 'AVAILABLE'),
	(21, 4023, 15000, 3, 63, 'R구역 1', 'AVAILABLE'),
	(21, 4024, 15000, 4, 63, 'R구역 1', 'AVAILABLE'),
	(21, 4025, 15000, 5, 63, 'R구역 1', 'AVAILABLE'),
	(21, 4026, 15000, 6, 63, 'R구역 1', 'AVAILABLE'),
	(21, 4027, 15000, 7, 63, 'R구역 1', 'AVAILABLE'),
	(21, 4028, 15000, 8, 63, 'R구역 1', 'AVAILABLE'),
	(21, 4029, 15000, 9, 63, 'R구역 1', 'AVAILABLE'),
	(21, 4030, 15000, 10, 63, 'R구역 1', 'AVAILABLE'),
	(21, 4031, 15000, 11, 63, 'R구역 1', 'AVAILABLE'),
	(21, 4032, 15000, 12, 63, 'R구역 1', 'AVAILABLE'),
	(21, 4033, 15000, 13, 63, 'R구역 1', 'AVAILABLE'),
	(21, 4034, 15000, 14, 63, 'R구역 1', 'AVAILABLE'),
	(21, 4035, 15000, 15, 63, 'R구역 1', 'AVAILABLE'),
	(21, 4036, 15000, 16, 63, 'R구역 1', 'AVAILABLE'),
	(21, 4037, 15000, 17, 63, 'R구역 1', 'AVAILABLE'),
	(21, 4038, 15000, 18, 63, 'R구역 1', 'AVAILABLE'),
	(21, 4039, 15000, 19, 63, 'R구역 1', 'AVAILABLE'),
	(21, 4040, 15000, 20, 63, 'R구역 1', 'AVAILABLE'),
	(21, 4041, 15000, 21, 63, 'R구역 1', 'AVAILABLE'),
	(21, 4042, 15000, 22, 63, 'R구역 1', 'AVAILABLE'),
	(21, 4043, 15000, 23, 63, 'R구역 1', 'AVAILABLE'),
	(21, 4044, 15000, 24, 63, 'R구역 1', 'AVAILABLE'),
	(21, 4045, 15000, 25, 63, 'R구역 1', 'AVAILABLE'),
	(21, 4046, 15000, 26, 63, 'R구역 1', 'AVAILABLE'),
	(21, 4047, 15000, 27, 63, 'R구역 1', 'AVAILABLE'),
	(21, 4048, 15000, 28, 63, 'R구역 1', 'AVAILABLE'),
	(21, 4049, 15000, 29, 63, 'R구역 1', 'AVAILABLE'),
	(21, 4050, 15000, 30, 63, 'R구역 1', 'AVAILABLE'),
	(21, 4051, 15000, 1, 64, 'R구역 2', 'AVAILABLE'),
	(21, 4052, 15000, 2, 64, 'R구역 2', 'AVAILABLE'),
	(21, 4053, 15000, 3, 64, 'R구역 2', 'AVAILABLE'),
	(21, 4054, 15000, 4, 64, 'R구역 2', 'AVAILABLE'),
	(21, 4055, 15000, 5, 64, 'R구역 2', 'AVAILABLE'),
	(21, 4056, 15000, 6, 64, 'R구역 2', 'AVAILABLE'),
	(21, 4057, 15000, 7, 64, 'R구역 2', 'AVAILABLE'),
	(21, 4058, 15000, 8, 64, 'R구역 2', 'AVAILABLE'),
	(21, 4059, 15000, 9, 64, 'R구역 2', 'AVAILABLE'),
	(21, 4060, 15000, 10, 64, 'R구역 2', 'AVAILABLE'),
	(21, 4061, 15000, 11, 64, 'R구역 2', 'AVAILABLE'),
	(21, 4062, 15000, 12, 64, 'R구역 2', 'AVAILABLE'),
	(21, 4063, 15000, 13, 64, 'R구역 2', 'AVAILABLE'),
	(21, 4064, 15000, 14, 64, 'R구역 2', 'AVAILABLE'),
	(21, 4065, 15000, 15, 64, 'R구역 2', 'AVAILABLE'),
	(21, 4066, 15000, 16, 64, 'R구역 2', 'AVAILABLE'),
	(21, 4067, 15000, 17, 64, 'R구역 2', 'AVAILABLE'),
	(21, 4068, 15000, 18, 64, 'R구역 2', 'AVAILABLE'),
	(21, 4069, 15000, 19, 64, 'R구역 2', 'AVAILABLE'),
	(21, 4070, 15000, 20, 64, 'R구역 2', 'AVAILABLE'),
	(21, 4071, 15000, 21, 64, 'R구역 2', 'AVAILABLE'),
	(21, 4072, 15000, 22, 64, 'R구역 2', 'AVAILABLE'),
	(21, 4073, 15000, 23, 64, 'R구역 2', 'AVAILABLE'),
	(21, 4074, 15000, 24, 64, 'R구역 2', 'AVAILABLE'),
	(21, 4075, 15000, 25, 64, 'R구역 2', 'AVAILABLE'),
	(21, 4076, 15000, 26, 64, 'R구역 2', 'AVAILABLE'),
	(21, 4077, 15000, 27, 64, 'R구역 2', 'AVAILABLE'),
	(21, 4078, 15000, 28, 64, 'R구역 2', 'AVAILABLE'),
	(21, 4079, 15000, 29, 64, 'R구역 2', 'AVAILABLE'),
	(21, 4080, 15000, 30, 64, 'R구역 2', 'AVAILABLE'),
	(21, 4081, 15000, 1, 65, 'R구역 3', 'AVAILABLE'),
	(21, 4082, 15000, 2, 65, 'R구역 3', 'AVAILABLE'),
	(21, 4083, 15000, 3, 65, 'R구역 3', 'AVAILABLE'),
	(21, 4084, 15000, 4, 65, 'R구역 3', 'AVAILABLE'),
	(21, 4085, 15000, 5, 65, 'R구역 3', 'AVAILABLE'),
	(21, 4086, 15000, 6, 65, 'R구역 3', 'AVAILABLE'),
	(21, 4087, 15000, 7, 65, 'R구역 3', 'AVAILABLE'),
	(21, 4088, 15000, 8, 65, 'R구역 3', 'AVAILABLE'),
	(21, 4089, 15000, 9, 65, 'R구역 3', 'AVAILABLE'),
	(21, 4090, 15000, 10, 65, 'R구역 3', 'AVAILABLE'),
	(21, 4091, 15000, 11, 65, 'R구역 3', 'AVAILABLE'),
	(21, 4092, 15000, 12, 65, 'R구역 3', 'AVAILABLE'),
	(21, 4093, 15000, 13, 65, 'R구역 3', 'AVAILABLE'),
	(21, 4094, 15000, 14, 65, 'R구역 3', 'AVAILABLE'),
	(21, 4095, 15000, 15, 65, 'R구역 3', 'AVAILABLE'),
	(21, 4096, 15000, 16, 65, 'R구역 3', 'AVAILABLE'),
	(21, 4097, 15000, 17, 65, 'R구역 3', 'AVAILABLE'),
	(21, 4098, 15000, 18, 65, 'R구역 3', 'AVAILABLE'),
	(21, 4099, 15000, 19, 65, 'R구역 3', 'AVAILABLE'),
	(21, 4100, 15000, 20, 65, 'R구역 3', 'AVAILABLE'),
	(21, 4101, 15000, 21, 65, 'R구역 3', 'AVAILABLE'),
	(21, 4102, 15000, 22, 65, 'R구역 3', 'AVAILABLE'),
	(21, 4103, 15000, 23, 65, 'R구역 3', 'AVAILABLE'),
	(21, 4104, 15000, 24, 65, 'R구역 3', 'AVAILABLE'),
	(21, 4105, 15000, 25, 65, 'R구역 3', 'AVAILABLE'),
	(21, 4106, 15000, 26, 65, 'R구역 3', 'AVAILABLE'),
	(21, 4107, 15000, 27, 65, 'R구역 3', 'AVAILABLE'),
	(21, 4108, 15000, 28, 65, 'R구역 3', 'AVAILABLE'),
	(21, 4109, 15000, 29, 65, 'R구역 3', 'AVAILABLE'),
	(21, 4110, 15000, 30, 65, 'R구역 3', 'AVAILABLE'),
	(21, 4111, 15000, 1, 66, 'R구역 4', 'AVAILABLE'),
	(21, 4112, 15000, 2, 66, 'R구역 4', 'AVAILABLE'),
	(21, 4113, 15000, 3, 66, 'R구역 4', 'AVAILABLE'),
	(21, 4114, 15000, 4, 66, 'R구역 4', 'AVAILABLE'),
	(21, 4115, 15000, 5, 66, 'R구역 4', 'AVAILABLE'),
	(21, 4116, 15000, 6, 66, 'R구역 4', 'AVAILABLE'),
	(21, 4117, 15000, 7, 66, 'R구역 4', 'AVAILABLE'),
	(21, 4118, 15000, 8, 66, 'R구역 4', 'AVAILABLE'),
	(21, 4119, 15000, 9, 66, 'R구역 4', 'AVAILABLE'),
	(21, 4120, 15000, 10, 66, 'R구역 4', 'AVAILABLE'),
	(21, 4121, 15000, 11, 66, 'R구역 4', 'AVAILABLE'),
	(21, 4122, 15000, 12, 66, 'R구역 4', 'AVAILABLE'),
	(21, 4123, 15000, 13, 66, 'R구역 4', 'AVAILABLE'),
	(21, 4124, 15000, 14, 66, 'R구역 4', 'AVAILABLE'),
	(21, 4125, 15000, 15, 66, 'R구역 4', 'AVAILABLE'),
	(21, 4126, 15000, 16, 66, 'R구역 4', 'AVAILABLE'),
	(21, 4127, 15000, 17, 66, 'R구역 4', 'AVAILABLE'),
	(21, 4128, 15000, 18, 66, 'R구역 4', 'AVAILABLE'),
	(21, 4129, 15000, 19, 66, 'R구역 4', 'AVAILABLE'),
	(21, 4130, 15000, 20, 66, 'R구역 4', 'AVAILABLE'),
	(21, 4131, 15000, 21, 66, 'R구역 4', 'AVAILABLE'),
	(21, 4132, 15000, 22, 66, 'R구역 4', 'AVAILABLE'),
	(21, 4133, 15000, 23, 66, 'R구역 4', 'AVAILABLE'),
	(21, 4134, 15000, 24, 66, 'R구역 4', 'AVAILABLE'),
	(21, 4135, 15000, 25, 66, 'R구역 4', 'AVAILABLE'),
	(21, 4136, 15000, 26, 66, 'R구역 4', 'AVAILABLE'),
	(21, 4137, 15000, 27, 66, 'R구역 4', 'AVAILABLE'),
	(21, 4138, 15000, 28, 66, 'R구역 4', 'AVAILABLE'),
	(21, 4139, 15000, 29, 66, 'R구역 4', 'AVAILABLE'),
	(21, 4140, 15000, 30, 66, 'R구역 4', 'AVAILABLE'),
	(21, 4141, 10000, 1, 67, 'W구역 1', 'AVAILABLE'),
	(21, 4142, 10000, 2, 67, 'W구역 1', 'AVAILABLE'),
	(21, 4143, 10000, 3, 67, 'W구역 1', 'AVAILABLE'),
	(21, 4144, 10000, 4, 67, 'W구역 1', 'AVAILABLE'),
	(21, 4145, 10000, 5, 67, 'W구역 1', 'AVAILABLE'),
	(21, 4146, 10000, 6, 67, 'W구역 1', 'AVAILABLE'),
	(21, 4147, 10000, 7, 67, 'W구역 1', 'AVAILABLE'),
	(21, 4148, 10000, 8, 67, 'W구역 1', 'AVAILABLE'),
	(21, 4149, 10000, 9, 67, 'W구역 1', 'AVAILABLE'),
	(21, 4150, 10000, 10, 67, 'W구역 1', 'AVAILABLE'),
	(21, 4151, 10000, 11, 67, 'W구역 1', 'AVAILABLE'),
	(21, 4152, 10000, 12, 67, 'W구역 1', 'AVAILABLE'),
	(21, 4153, 10000, 13, 67, 'W구역 1', 'AVAILABLE'),
	(21, 4154, 10000, 14, 67, 'W구역 1', 'AVAILABLE'),
	(21, 4155, 10000, 15, 67, 'W구역 1', 'AVAILABLE'),
	(21, 4156, 10000, 16, 67, 'W구역 1', 'AVAILABLE'),
	(21, 4157, 10000, 17, 67, 'W구역 1', 'AVAILABLE'),
	(21, 4158, 10000, 18, 67, 'W구역 1', 'AVAILABLE'),
	(21, 4159, 10000, 19, 67, 'W구역 1', 'AVAILABLE'),
	(21, 4160, 10000, 20, 67, 'W구역 1', 'AVAILABLE'),
	(21, 4161, 10000, 21, 67, 'W구역 1', 'AVAILABLE'),
	(21, 4162, 10000, 22, 67, 'W구역 1', 'AVAILABLE'),
	(21, 4163, 10000, 23, 67, 'W구역 1', 'AVAILABLE'),
	(21, 4164, 10000, 24, 67, 'W구역 1', 'AVAILABLE'),
	(21, 4165, 10000, 25, 67, 'W구역 1', 'AVAILABLE'),
	(21, 4166, 10000, 26, 67, 'W구역 1', 'AVAILABLE'),
	(21, 4167, 10000, 27, 67, 'W구역 1', 'AVAILABLE'),
	(21, 4168, 10000, 28, 67, 'W구역 1', 'AVAILABLE'),
	(21, 4169, 10000, 29, 67, 'W구역 1', 'AVAILABLE'),
	(21, 4170, 10000, 30, 67, 'W구역 1', 'AVAILABLE'),
	(21, 4171, 10000, 1, 68, 'W구역 2', 'AVAILABLE'),
	(21, 4172, 10000, 2, 68, 'W구역 2', 'AVAILABLE'),
	(21, 4173, 10000, 3, 68, 'W구역 2', 'AVAILABLE'),
	(21, 4174, 10000, 4, 68, 'W구역 2', 'AVAILABLE'),
	(21, 4175, 10000, 5, 68, 'W구역 2', 'AVAILABLE'),
	(21, 4176, 10000, 6, 68, 'W구역 2', 'AVAILABLE'),
	(21, 4177, 10000, 7, 68, 'W구역 2', 'AVAILABLE'),
	(21, 4178, 10000, 8, 68, 'W구역 2', 'AVAILABLE'),
	(21, 4179, 10000, 9, 68, 'W구역 2', 'AVAILABLE'),
	(21, 4180, 10000, 10, 68, 'W구역 2', 'AVAILABLE'),
	(21, 4181, 10000, 11, 68, 'W구역 2', 'AVAILABLE'),
	(21, 4182, 10000, 12, 68, 'W구역 2', 'AVAILABLE'),
	(21, 4183, 10000, 13, 68, 'W구역 2', 'AVAILABLE'),
	(21, 4184, 10000, 14, 68, 'W구역 2', 'AVAILABLE'),
	(21, 4185, 10000, 15, 68, 'W구역 2', 'AVAILABLE'),
	(21, 4186, 10000, 16, 68, 'W구역 2', 'AVAILABLE'),
	(21, 4187, 10000, 17, 68, 'W구역 2', 'AVAILABLE'),
	(21, 4188, 10000, 18, 68, 'W구역 2', 'AVAILABLE'),
	(21, 4189, 10000, 19, 68, 'W구역 2', 'AVAILABLE'),
	(21, 4190, 10000, 20, 68, 'W구역 2', 'AVAILABLE'),
	(21, 4191, 10000, 21, 68, 'W구역 2', 'AVAILABLE'),
	(21, 4192, 10000, 22, 68, 'W구역 2', 'AVAILABLE'),
	(21, 4193, 10000, 23, 68, 'W구역 2', 'AVAILABLE'),
	(21, 4194, 10000, 24, 68, 'W구역 2', 'AVAILABLE'),
	(21, 4195, 10000, 25, 68, 'W구역 2', 'AVAILABLE'),
	(21, 4196, 10000, 26, 68, 'W구역 2', 'AVAILABLE'),
	(21, 4197, 10000, 27, 68, 'W구역 2', 'AVAILABLE'),
	(21, 4198, 10000, 28, 68, 'W구역 2', 'AVAILABLE'),
	(21, 4199, 10000, 29, 68, 'W구역 2', 'AVAILABLE'),
	(21, 4200, 10000, 30, 68, 'W구역 2', 'AVAILABLE'),
	(21, 4201, 10000, 1, 69, 'E구역 1', 'AVAILABLE'),
	(21, 4202, 10000, 2, 69, 'E구역 1', 'AVAILABLE'),
	(21, 4203, 10000, 3, 69, 'E구역 1', 'AVAILABLE'),
	(21, 4204, 10000, 4, 69, 'E구역 1', 'AVAILABLE'),
	(21, 4205, 10000, 5, 69, 'E구역 1', 'AVAILABLE'),
	(21, 4206, 10000, 6, 69, 'E구역 1', 'AVAILABLE'),
	(21, 4207, 10000, 7, 69, 'E구역 1', 'AVAILABLE'),
	(21, 4208, 10000, 8, 69, 'E구역 1', 'AVAILABLE'),
	(21, 4209, 10000, 9, 69, 'E구역 1', 'AVAILABLE'),
	(21, 4210, 10000, 10, 69, 'E구역 1', 'AVAILABLE'),
	(21, 4211, 10000, 11, 69, 'E구역 1', 'AVAILABLE'),
	(21, 4212, 10000, 12, 69, 'E구역 1', 'AVAILABLE'),
	(21, 4213, 10000, 13, 69, 'E구역 1', 'AVAILABLE'),
	(21, 4214, 10000, 14, 69, 'E구역 1', 'AVAILABLE'),
	(21, 4215, 10000, 15, 69, 'E구역 1', 'AVAILABLE'),
	(21, 4216, 10000, 16, 69, 'E구역 1', 'AVAILABLE'),
	(21, 4217, 10000, 17, 69, 'E구역 1', 'AVAILABLE'),
	(21, 4218, 10000, 18, 69, 'E구역 1', 'AVAILABLE'),
	(21, 4219, 10000, 19, 69, 'E구역 1', 'AVAILABLE'),
	(21, 4220, 10000, 20, 69, 'E구역 1', 'AVAILABLE'),
	(21, 4221, 10000, 21, 69, 'E구역 1', 'AVAILABLE'),
	(21, 4222, 10000, 22, 69, 'E구역 1', 'AVAILABLE'),
	(21, 4223, 10000, 23, 69, 'E구역 1', 'AVAILABLE'),
	(21, 4224, 10000, 24, 69, 'E구역 1', 'AVAILABLE'),
	(21, 4225, 10000, 25, 69, 'E구역 1', 'AVAILABLE'),
	(21, 4226, 10000, 26, 69, 'E구역 1', 'AVAILABLE'),
	(21, 4227, 10000, 27, 69, 'E구역 1', 'AVAILABLE'),
	(21, 4228, 10000, 28, 69, 'E구역 1', 'AVAILABLE'),
	(21, 4229, 10000, 29, 69, 'E구역 1', 'AVAILABLE'),
	(21, 4230, 10000, 30, 69, 'E구역 1', 'AVAILABLE'),
	(21, 4231, 10000, 1, 70, 'E구역 2', 'AVAILABLE'),
	(21, 4232, 10000, 2, 70, 'E구역 2', 'AVAILABLE'),
	(21, 4233, 10000, 3, 70, 'E구역 2', 'AVAILABLE'),
	(21, 4234, 10000, 4, 70, 'E구역 2', 'AVAILABLE'),
	(21, 4235, 10000, 5, 70, 'E구역 2', 'AVAILABLE'),
	(21, 4236, 10000, 6, 70, 'E구역 2', 'AVAILABLE'),
	(21, 4237, 10000, 7, 70, 'E구역 2', 'AVAILABLE'),
	(21, 4238, 10000, 8, 70, 'E구역 2', 'AVAILABLE'),
	(21, 4239, 10000, 9, 70, 'E구역 2', 'AVAILABLE'),
	(21, 4240, 10000, 10, 70, 'E구역 2', 'AVAILABLE'),
	(21, 4241, 10000, 11, 70, 'E구역 2', 'AVAILABLE'),
	(21, 4242, 10000, 12, 70, 'E구역 2', 'AVAILABLE'),
	(21, 4243, 10000, 13, 70, 'E구역 2', 'AVAILABLE'),
	(21, 4244, 10000, 14, 70, 'E구역 2', 'AVAILABLE'),
	(21, 4245, 10000, 15, 70, 'E구역 2', 'AVAILABLE'),
	(21, 4246, 10000, 16, 70, 'E구역 2', 'AVAILABLE'),
	(21, 4247, 10000, 17, 70, 'E구역 2', 'AVAILABLE'),
	(21, 4248, 10000, 18, 70, 'E구역 2', 'AVAILABLE'),
	(21, 4249, 10000, 19, 70, 'E구역 2', 'AVAILABLE'),
	(21, 4250, 10000, 20, 70, 'E구역 2', 'AVAILABLE'),
	(21, 4251, 10000, 21, 70, 'E구역 2', 'AVAILABLE'),
	(21, 4252, 10000, 22, 70, 'E구역 2', 'AVAILABLE'),
	(21, 4253, 10000, 23, 70, 'E구역 2', 'AVAILABLE'),
	(21, 4254, 10000, 24, 70, 'E구역 2', 'AVAILABLE'),
	(21, 4255, 10000, 25, 70, 'E구역 2', 'AVAILABLE'),
	(21, 4256, 10000, 26, 70, 'E구역 2', 'AVAILABLE'),
	(21, 4257, 10000, 27, 70, 'E구역 2', 'AVAILABLE'),
	(21, 4258, 10000, 28, 70, 'E구역 2', 'AVAILABLE'),
	(21, 4259, 10000, 29, 70, 'E구역 2', 'AVAILABLE'),
	(21, 4260, 10000, 30, 70, 'E구역 2', 'AVAILABLE'),
	(21, 4261, 10000, 1, 71, 'E구역 3', 'AVAILABLE'),
	(21, 4262, 10000, 2, 71, 'E구역 3', 'AVAILABLE'),
	(21, 4263, 10000, 3, 71, 'E구역 3', 'AVAILABLE'),
	(21, 4264, 10000, 4, 71, 'E구역 3', 'AVAILABLE'),
	(21, 4265, 10000, 5, 71, 'E구역 3', 'AVAILABLE'),
	(21, 4266, 10000, 6, 71, 'E구역 3', 'AVAILABLE'),
	(21, 4267, 10000, 7, 71, 'E구역 3', 'AVAILABLE'),
	(21, 4268, 10000, 8, 71, 'E구역 3', 'AVAILABLE'),
	(21, 4269, 10000, 9, 71, 'E구역 3', 'AVAILABLE'),
	(21, 4270, 10000, 10, 71, 'E구역 3', 'AVAILABLE'),
	(21, 4271, 10000, 11, 71, 'E구역 3', 'AVAILABLE'),
	(21, 4272, 10000, 12, 71, 'E구역 3', 'AVAILABLE'),
	(21, 4273, 10000, 13, 71, 'E구역 3', 'AVAILABLE'),
	(21, 4274, 10000, 14, 71, 'E구역 3', 'AVAILABLE'),
	(21, 4275, 10000, 15, 71, 'E구역 3', 'AVAILABLE'),
	(21, 4276, 10000, 16, 71, 'E구역 3', 'AVAILABLE'),
	(21, 4277, 10000, 17, 71, 'E구역 3', 'AVAILABLE'),
	(21, 4278, 10000, 18, 71, 'E구역 3', 'AVAILABLE'),
	(21, 4279, 10000, 19, 71, 'E구역 3', 'AVAILABLE'),
	(21, 4280, 10000, 20, 71, 'E구역 3', 'AVAILABLE'),
	(21, 4281, 10000, 21, 71, 'E구역 3', 'AVAILABLE'),
	(21, 4282, 10000, 22, 71, 'E구역 3', 'AVAILABLE'),
	(21, 4283, 10000, 23, 71, 'E구역 3', 'AVAILABLE'),
	(21, 4284, 10000, 24, 71, 'E구역 3', 'AVAILABLE'),
	(21, 4285, 10000, 25, 71, 'E구역 3', 'AVAILABLE'),
	(21, 4286, 10000, 26, 71, 'E구역 3', 'AVAILABLE'),
	(21, 4287, 10000, 27, 71, 'E구역 3', 'AVAILABLE'),
	(21, 4288, 10000, 28, 71, 'E구역 3', 'AVAILABLE'),
	(21, 4289, 10000, 29, 71, 'E구역 3', 'AVAILABLE'),
	(21, 4290, 10000, 30, 71, 'E구역 3', 'AVAILABLE'),
	(21, 4291, 10000, 1, 72, 'E구역 4', 'AVAILABLE'),
	(21, 4292, 10000, 2, 72, 'E구역 4', 'AVAILABLE'),
	(21, 4293, 10000, 3, 72, 'E구역 4', 'AVAILABLE'),
	(21, 4294, 10000, 4, 72, 'E구역 4', 'AVAILABLE'),
	(21, 4295, 10000, 5, 72, 'E구역 4', 'AVAILABLE'),
	(21, 4296, 10000, 6, 72, 'E구역 4', 'AVAILABLE'),
	(21, 4297, 10000, 7, 72, 'E구역 4', 'AVAILABLE'),
	(21, 4298, 10000, 8, 72, 'E구역 4', 'AVAILABLE'),
	(21, 4299, 10000, 9, 72, 'E구역 4', 'AVAILABLE'),
	(21, 4300, 10000, 10, 72, 'E구역 4', 'AVAILABLE'),
	(21, 4301, 10000, 11, 72, 'E구역 4', 'AVAILABLE'),
	(21, 4302, 10000, 12, 72, 'E구역 4', 'AVAILABLE'),
	(21, 4303, 10000, 13, 72, 'E구역 4', 'AVAILABLE'),
	(21, 4304, 10000, 14, 72, 'E구역 4', 'AVAILABLE'),
	(21, 4305, 10000, 15, 72, 'E구역 4', 'AVAILABLE'),
	(21, 4306, 10000, 16, 72, 'E구역 4', 'AVAILABLE'),
	(21, 4307, 10000, 17, 72, 'E구역 4', 'AVAILABLE'),
	(21, 4308, 10000, 18, 72, 'E구역 4', 'AVAILABLE'),
	(21, 4309, 10000, 19, 72, 'E구역 4', 'AVAILABLE'),
	(21, 4310, 10000, 20, 72, 'E구역 4', 'AVAILABLE'),
	(21, 4311, 10000, 21, 72, 'E구역 4', 'AVAILABLE'),
	(21, 4312, 10000, 22, 72, 'E구역 4', 'AVAILABLE'),
	(21, 4313, 10000, 23, 72, 'E구역 4', 'AVAILABLE'),
	(21, 4314, 10000, 24, 72, 'E구역 4', 'AVAILABLE'),
	(21, 4315, 10000, 25, 72, 'E구역 4', 'AVAILABLE'),
	(21, 4316, 10000, 26, 72, 'E구역 4', 'AVAILABLE'),
	(21, 4317, 10000, 27, 72, 'E구역 4', 'AVAILABLE'),
	(21, 4318, 10000, 28, 72, 'E구역 4', 'AVAILABLE'),
	(21, 4319, 10000, 29, 72, 'E구역 4', 'AVAILABLE'),
	(21, 4320, 10000, 30, 72, 'E구역 4', 'AVAILABLE'),
	(22, 4321, 20000, 1, 25, 'S구역 1', 'AVAILABLE'),
	(22, 4322, 20000, 2, 25, 'S구역 1', 'AVAILABLE'),
	(22, 4323, 20000, 3, 25, 'S구역 1', 'AVAILABLE'),
	(22, 4324, 20000, 4, 25, 'S구역 1', 'AVAILABLE'),
	(22, 4325, 20000, 5, 25, 'S구역 1', 'AVAILABLE'),
	(22, 4326, 20000, 6, 25, 'S구역 1', 'AVAILABLE'),
	(22, 4327, 20000, 7, 25, 'S구역 1', 'AVAILABLE'),
	(22, 4328, 20000, 8, 25, 'S구역 1', 'AVAILABLE'),
	(22, 4329, 20000, 9, 25, 'S구역 1', 'AVAILABLE'),
	(22, 4330, 20000, 10, 25, 'S구역 1', 'AVAILABLE'),
	(22, 4331, 20000, 11, 25, 'S구역 1', 'AVAILABLE'),
	(22, 4332, 20000, 12, 25, 'S구역 1', 'AVAILABLE'),
	(22, 4333, 20000, 13, 25, 'S구역 1', 'AVAILABLE'),
	(22, 4334, 20000, 14, 25, 'S구역 1', 'AVAILABLE'),
	(22, 4335, 20000, 15, 25, 'S구역 1', 'AVAILABLE'),
	(22, 4336, 20000, 16, 25, 'S구역 1', 'AVAILABLE'),
	(22, 4337, 20000, 17, 25, 'S구역 1', 'AVAILABLE'),
	(22, 4338, 20000, 18, 25, 'S구역 1', 'AVAILABLE'),
	(22, 4339, 20000, 19, 25, 'S구역 1', 'AVAILABLE'),
	(22, 4340, 20000, 20, 25, 'S구역 1', 'AVAILABLE'),
	(22, 4341, 20000, 21, 25, 'S구역 1', 'AVAILABLE'),
	(22, 4342, 20000, 22, 25, 'S구역 1', 'AVAILABLE'),
	(22, 4343, 20000, 23, 25, 'S구역 1', 'AVAILABLE'),
	(22, 4344, 20000, 24, 25, 'S구역 1', 'AVAILABLE'),
	(22, 4345, 20000, 25, 25, 'S구역 1', 'AVAILABLE'),
	(22, 4346, 20000, 26, 25, 'S구역 1', 'AVAILABLE'),
	(22, 4347, 20000, 27, 25, 'S구역 1', 'AVAILABLE'),
	(22, 4348, 20000, 28, 25, 'S구역 1', 'AVAILABLE'),
	(22, 4349, 20000, 29, 25, 'S구역 1', 'AVAILABLE'),
	(22, 4350, 20000, 30, 25, 'S구역 1', 'AVAILABLE'),
	(22, 4351, 20000, 1, 26, 'S구역 2', 'AVAILABLE'),
	(22, 4352, 20000, 2, 26, 'S구역 2', 'AVAILABLE'),
	(22, 4353, 20000, 3, 26, 'S구역 2', 'AVAILABLE'),
	(22, 4354, 20000, 4, 26, 'S구역 2', 'AVAILABLE'),
	(22, 4355, 20000, 5, 26, 'S구역 2', 'AVAILABLE'),
	(22, 4356, 20000, 6, 26, 'S구역 2', 'AVAILABLE'),
	(22, 4357, 20000, 7, 26, 'S구역 2', 'AVAILABLE'),
	(22, 4358, 20000, 8, 26, 'S구역 2', 'AVAILABLE'),
	(22, 4359, 20000, 9, 26, 'S구역 2', 'AVAILABLE'),
	(22, 4360, 20000, 10, 26, 'S구역 2', 'AVAILABLE'),
	(22, 4361, 20000, 11, 26, 'S구역 2', 'AVAILABLE'),
	(22, 4362, 20000, 12, 26, 'S구역 2', 'AVAILABLE'),
	(22, 4363, 20000, 13, 26, 'S구역 2', 'AVAILABLE'),
	(22, 4364, 20000, 14, 26, 'S구역 2', 'AVAILABLE'),
	(22, 4365, 20000, 15, 26, 'S구역 2', 'AVAILABLE'),
	(22, 4366, 20000, 16, 26, 'S구역 2', 'AVAILABLE'),
	(22, 4367, 20000, 17, 26, 'S구역 2', 'AVAILABLE'),
	(22, 4368, 20000, 18, 26, 'S구역 2', 'AVAILABLE'),
	(22, 4369, 20000, 19, 26, 'S구역 2', 'AVAILABLE'),
	(22, 4370, 20000, 20, 26, 'S구역 2', 'AVAILABLE'),
	(22, 4371, 20000, 21, 26, 'S구역 2', 'AVAILABLE'),
	(22, 4372, 20000, 22, 26, 'S구역 2', 'AVAILABLE'),
	(22, 4373, 20000, 23, 26, 'S구역 2', 'AVAILABLE'),
	(22, 4374, 20000, 24, 26, 'S구역 2', 'AVAILABLE'),
	(22, 4375, 20000, 25, 26, 'S구역 2', 'AVAILABLE'),
	(22, 4376, 20000, 26, 26, 'S구역 2', 'AVAILABLE'),
	(22, 4377, 20000, 27, 26, 'S구역 2', 'AVAILABLE'),
	(22, 4378, 20000, 28, 26, 'S구역 2', 'AVAILABLE'),
	(22, 4379, 20000, 29, 26, 'S구역 2', 'AVAILABLE'),
	(22, 4380, 20000, 30, 26, 'S구역 2', 'AVAILABLE'),
	(22, 4381, 15000, 1, 27, 'R구역 1', 'AVAILABLE'),
	(22, 4382, 15000, 2, 27, 'R구역 1', 'AVAILABLE'),
	(22, 4383, 15000, 3, 27, 'R구역 1', 'AVAILABLE'),
	(22, 4384, 15000, 4, 27, 'R구역 1', 'AVAILABLE'),
	(22, 4385, 15000, 5, 27, 'R구역 1', 'AVAILABLE'),
	(22, 4386, 15000, 6, 27, 'R구역 1', 'AVAILABLE'),
	(22, 4387, 15000, 7, 27, 'R구역 1', 'AVAILABLE'),
	(22, 4388, 15000, 8, 27, 'R구역 1', 'AVAILABLE'),
	(22, 4389, 15000, 9, 27, 'R구역 1', 'AVAILABLE'),
	(22, 4390, 15000, 10, 27, 'R구역 1', 'AVAILABLE'),
	(22, 4391, 15000, 11, 27, 'R구역 1', 'AVAILABLE'),
	(22, 4392, 15000, 12, 27, 'R구역 1', 'AVAILABLE'),
	(22, 4393, 15000, 13, 27, 'R구역 1', 'AVAILABLE'),
	(22, 4394, 15000, 14, 27, 'R구역 1', 'AVAILABLE'),
	(22, 4395, 15000, 15, 27, 'R구역 1', 'AVAILABLE'),
	(22, 4396, 15000, 16, 27, 'R구역 1', 'AVAILABLE'),
	(22, 4397, 15000, 17, 27, 'R구역 1', 'AVAILABLE'),
	(22, 4398, 15000, 18, 27, 'R구역 1', 'AVAILABLE'),
	(22, 4399, 15000, 19, 27, 'R구역 1', 'AVAILABLE'),
	(22, 4400, 15000, 20, 27, 'R구역 1', 'AVAILABLE'),
	(22, 4401, 15000, 21, 27, 'R구역 1', 'AVAILABLE'),
	(22, 4402, 15000, 22, 27, 'R구역 1', 'AVAILABLE'),
	(22, 4403, 15000, 23, 27, 'R구역 1', 'AVAILABLE'),
	(22, 4404, 15000, 24, 27, 'R구역 1', 'AVAILABLE'),
	(22, 4405, 15000, 25, 27, 'R구역 1', 'AVAILABLE'),
	(22, 4406, 15000, 26, 27, 'R구역 1', 'AVAILABLE'),
	(22, 4407, 15000, 27, 27, 'R구역 1', 'AVAILABLE'),
	(22, 4408, 15000, 28, 27, 'R구역 1', 'AVAILABLE'),
	(22, 4409, 15000, 29, 27, 'R구역 1', 'AVAILABLE'),
	(22, 4410, 15000, 30, 27, 'R구역 1', 'AVAILABLE'),
	(22, 4411, 15000, 1, 28, 'R구역 2', 'AVAILABLE'),
	(22, 4412, 15000, 2, 28, 'R구역 2', 'AVAILABLE'),
	(22, 4413, 15000, 3, 28, 'R구역 2', 'AVAILABLE'),
	(22, 4414, 15000, 4, 28, 'R구역 2', 'AVAILABLE'),
	(22, 4415, 15000, 5, 28, 'R구역 2', 'AVAILABLE'),
	(22, 4416, 15000, 6, 28, 'R구역 2', 'AVAILABLE'),
	(22, 4417, 15000, 7, 28, 'R구역 2', 'AVAILABLE'),
	(22, 4418, 15000, 8, 28, 'R구역 2', 'AVAILABLE'),
	(22, 4419, 15000, 9, 28, 'R구역 2', 'AVAILABLE'),
	(22, 4420, 15000, 10, 28, 'R구역 2', 'AVAILABLE'),
	(22, 4421, 15000, 11, 28, 'R구역 2', 'AVAILABLE'),
	(22, 4422, 15000, 12, 28, 'R구역 2', 'AVAILABLE'),
	(22, 4423, 15000, 13, 28, 'R구역 2', 'AVAILABLE'),
	(22, 4424, 15000, 14, 28, 'R구역 2', 'AVAILABLE'),
	(22, 4425, 15000, 15, 28, 'R구역 2', 'AVAILABLE'),
	(22, 4426, 15000, 16, 28, 'R구역 2', 'AVAILABLE'),
	(22, 4427, 15000, 17, 28, 'R구역 2', 'AVAILABLE'),
	(22, 4428, 15000, 18, 28, 'R구역 2', 'AVAILABLE'),
	(22, 4429, 15000, 19, 28, 'R구역 2', 'AVAILABLE'),
	(22, 4430, 15000, 20, 28, 'R구역 2', 'AVAILABLE'),
	(22, 4431, 15000, 21, 28, 'R구역 2', 'AVAILABLE'),
	(22, 4432, 15000, 22, 28, 'R구역 2', 'AVAILABLE'),
	(22, 4433, 15000, 23, 28, 'R구역 2', 'AVAILABLE'),
	(22, 4434, 15000, 24, 28, 'R구역 2', 'AVAILABLE'),
	(22, 4435, 15000, 25, 28, 'R구역 2', 'AVAILABLE'),
	(22, 4436, 15000, 26, 28, 'R구역 2', 'AVAILABLE'),
	(22, 4437, 15000, 27, 28, 'R구역 2', 'AVAILABLE'),
	(22, 4438, 15000, 28, 28, 'R구역 2', 'AVAILABLE'),
	(22, 4439, 15000, 29, 28, 'R구역 2', 'AVAILABLE'),
	(22, 4440, 15000, 30, 28, 'R구역 2', 'AVAILABLE'),
	(22, 4441, 15000, 1, 29, 'R구역 3', 'AVAILABLE'),
	(22, 4442, 15000, 2, 29, 'R구역 3', 'AVAILABLE'),
	(22, 4443, 15000, 3, 29, 'R구역 3', 'AVAILABLE'),
	(22, 4444, 15000, 4, 29, 'R구역 3', 'AVAILABLE'),
	(22, 4445, 15000, 5, 29, 'R구역 3', 'AVAILABLE'),
	(22, 4446, 15000, 6, 29, 'R구역 3', 'AVAILABLE'),
	(22, 4447, 15000, 7, 29, 'R구역 3', 'AVAILABLE'),
	(22, 4448, 15000, 8, 29, 'R구역 3', 'AVAILABLE'),
	(22, 4449, 15000, 9, 29, 'R구역 3', 'AVAILABLE'),
	(22, 4450, 15000, 10, 29, 'R구역 3', 'AVAILABLE'),
	(22, 4451, 15000, 11, 29, 'R구역 3', 'AVAILABLE'),
	(22, 4452, 15000, 12, 29, 'R구역 3', 'AVAILABLE'),
	(22, 4453, 15000, 13, 29, 'R구역 3', 'AVAILABLE'),
	(22, 4454, 15000, 14, 29, 'R구역 3', 'AVAILABLE'),
	(22, 4455, 15000, 15, 29, 'R구역 3', 'AVAILABLE'),
	(22, 4456, 15000, 16, 29, 'R구역 3', 'AVAILABLE'),
	(22, 4457, 15000, 17, 29, 'R구역 3', 'AVAILABLE'),
	(22, 4458, 15000, 18, 29, 'R구역 3', 'AVAILABLE'),
	(22, 4459, 15000, 19, 29, 'R구역 3', 'AVAILABLE'),
	(22, 4460, 15000, 20, 29, 'R구역 3', 'AVAILABLE'),
	(22, 4461, 15000, 21, 29, 'R구역 3', 'AVAILABLE'),
	(22, 4462, 15000, 22, 29, 'R구역 3', 'AVAILABLE'),
	(22, 4463, 15000, 23, 29, 'R구역 3', 'AVAILABLE'),
	(22, 4464, 15000, 24, 29, 'R구역 3', 'AVAILABLE'),
	(22, 4465, 15000, 25, 29, 'R구역 3', 'AVAILABLE'),
	(22, 4466, 15000, 26, 29, 'R구역 3', 'AVAILABLE'),
	(22, 4467, 15000, 27, 29, 'R구역 3', 'AVAILABLE'),
	(22, 4468, 15000, 28, 29, 'R구역 3', 'AVAILABLE'),
	(22, 4469, 15000, 29, 29, 'R구역 3', 'AVAILABLE'),
	(22, 4470, 15000, 30, 29, 'R구역 3', 'AVAILABLE'),
	(22, 4471, 15000, 1, 30, 'R구역 4', 'AVAILABLE'),
	(22, 4472, 15000, 2, 30, 'R구역 4', 'AVAILABLE'),
	(22, 4473, 15000, 3, 30, 'R구역 4', 'AVAILABLE'),
	(22, 4474, 15000, 4, 30, 'R구역 4', 'AVAILABLE'),
	(22, 4475, 15000, 5, 30, 'R구역 4', 'AVAILABLE'),
	(22, 4476, 15000, 6, 30, 'R구역 4', 'AVAILABLE'),
	(22, 4477, 15000, 7, 30, 'R구역 4', 'AVAILABLE'),
	(22, 4478, 15000, 8, 30, 'R구역 4', 'AVAILABLE'),
	(22, 4479, 15000, 9, 30, 'R구역 4', 'AVAILABLE'),
	(22, 4480, 15000, 10, 30, 'R구역 4', 'AVAILABLE'),
	(22, 4481, 15000, 11, 30, 'R구역 4', 'AVAILABLE'),
	(22, 4482, 15000, 12, 30, 'R구역 4', 'AVAILABLE'),
	(22, 4483, 15000, 13, 30, 'R구역 4', 'AVAILABLE'),
	(22, 4484, 15000, 14, 30, 'R구역 4', 'AVAILABLE'),
	(22, 4485, 15000, 15, 30, 'R구역 4', 'AVAILABLE'),
	(22, 4486, 15000, 16, 30, 'R구역 4', 'AVAILABLE'),
	(22, 4487, 15000, 17, 30, 'R구역 4', 'AVAILABLE'),
	(22, 4488, 15000, 18, 30, 'R구역 4', 'AVAILABLE'),
	(22, 4489, 15000, 19, 30, 'R구역 4', 'AVAILABLE'),
	(22, 4490, 15000, 20, 30, 'R구역 4', 'AVAILABLE'),
	(22, 4491, 15000, 21, 30, 'R구역 4', 'AVAILABLE'),
	(22, 4492, 15000, 22, 30, 'R구역 4', 'AVAILABLE'),
	(22, 4493, 15000, 23, 30, 'R구역 4', 'AVAILABLE'),
	(22, 4494, 15000, 24, 30, 'R구역 4', 'AVAILABLE'),
	(22, 4495, 15000, 25, 30, 'R구역 4', 'AVAILABLE'),
	(22, 4496, 15000, 26, 30, 'R구역 4', 'AVAILABLE'),
	(22, 4497, 15000, 27, 30, 'R구역 4', 'AVAILABLE'),
	(22, 4498, 15000, 28, 30, 'R구역 4', 'AVAILABLE'),
	(22, 4499, 15000, 29, 30, 'R구역 4', 'AVAILABLE'),
	(22, 4500, 15000, 30, 30, 'R구역 4', 'AVAILABLE'),
	(22, 4501, 10000, 1, 31, 'W구역 1', 'AVAILABLE'),
	(22, 4502, 10000, 2, 31, 'W구역 1', 'AVAILABLE'),
	(22, 4503, 10000, 3, 31, 'W구역 1', 'AVAILABLE'),
	(22, 4504, 10000, 4, 31, 'W구역 1', 'AVAILABLE'),
	(22, 4505, 10000, 5, 31, 'W구역 1', 'AVAILABLE'),
	(22, 4506, 10000, 6, 31, 'W구역 1', 'AVAILABLE'),
	(22, 4507, 10000, 7, 31, 'W구역 1', 'AVAILABLE'),
	(22, 4508, 10000, 8, 31, 'W구역 1', 'AVAILABLE'),
	(22, 4509, 10000, 9, 31, 'W구역 1', 'AVAILABLE'),
	(22, 4510, 10000, 10, 31, 'W구역 1', 'AVAILABLE'),
	(22, 4511, 10000, 11, 31, 'W구역 1', 'AVAILABLE'),
	(22, 4512, 10000, 12, 31, 'W구역 1', 'AVAILABLE'),
	(22, 4513, 10000, 13, 31, 'W구역 1', 'AVAILABLE'),
	(22, 4514, 10000, 14, 31, 'W구역 1', 'AVAILABLE'),
	(22, 4515, 10000, 15, 31, 'W구역 1', 'AVAILABLE'),
	(22, 4516, 10000, 16, 31, 'W구역 1', 'AVAILABLE'),
	(22, 4517, 10000, 17, 31, 'W구역 1', 'AVAILABLE'),
	(22, 4518, 10000, 18, 31, 'W구역 1', 'AVAILABLE'),
	(22, 4519, 10000, 19, 31, 'W구역 1', 'AVAILABLE'),
	(22, 4520, 10000, 20, 31, 'W구역 1', 'AVAILABLE'),
	(22, 4521, 10000, 21, 31, 'W구역 1', 'AVAILABLE'),
	(22, 4522, 10000, 22, 31, 'W구역 1', 'AVAILABLE'),
	(22, 4523, 10000, 23, 31, 'W구역 1', 'AVAILABLE'),
	(22, 4524, 10000, 24, 31, 'W구역 1', 'AVAILABLE'),
	(22, 4525, 10000, 25, 31, 'W구역 1', 'AVAILABLE'),
	(22, 4526, 10000, 26, 31, 'W구역 1', 'AVAILABLE'),
	(22, 4527, 10000, 27, 31, 'W구역 1', 'AVAILABLE'),
	(22, 4528, 10000, 28, 31, 'W구역 1', 'AVAILABLE'),
	(22, 4529, 10000, 29, 31, 'W구역 1', 'AVAILABLE'),
	(22, 4530, 10000, 30, 31, 'W구역 1', 'AVAILABLE'),
	(22, 4531, 10000, 1, 32, 'W구역 2', 'AVAILABLE'),
	(22, 4532, 10000, 2, 32, 'W구역 2', 'AVAILABLE'),
	(22, 4533, 10000, 3, 32, 'W구역 2', 'AVAILABLE'),
	(22, 4534, 10000, 4, 32, 'W구역 2', 'AVAILABLE'),
	(22, 4535, 10000, 5, 32, 'W구역 2', 'AVAILABLE'),
	(22, 4536, 10000, 6, 32, 'W구역 2', 'AVAILABLE'),
	(22, 4537, 10000, 7, 32, 'W구역 2', 'AVAILABLE'),
	(22, 4538, 10000, 8, 32, 'W구역 2', 'AVAILABLE'),
	(22, 4539, 10000, 9, 32, 'W구역 2', 'AVAILABLE'),
	(22, 4540, 10000, 10, 32, 'W구역 2', 'AVAILABLE'),
	(22, 4541, 10000, 11, 32, 'W구역 2', 'AVAILABLE'),
	(22, 4542, 10000, 12, 32, 'W구역 2', 'AVAILABLE'),
	(22, 4543, 10000, 13, 32, 'W구역 2', 'AVAILABLE'),
	(22, 4544, 10000, 14, 32, 'W구역 2', 'AVAILABLE'),
	(22, 4545, 10000, 15, 32, 'W구역 2', 'AVAILABLE'),
	(22, 4546, 10000, 16, 32, 'W구역 2', 'AVAILABLE'),
	(22, 4547, 10000, 17, 32, 'W구역 2', 'AVAILABLE'),
	(22, 4548, 10000, 18, 32, 'W구역 2', 'AVAILABLE'),
	(22, 4549, 10000, 19, 32, 'W구역 2', 'AVAILABLE'),
	(22, 4550, 10000, 20, 32, 'W구역 2', 'AVAILABLE'),
	(22, 4551, 10000, 21, 32, 'W구역 2', 'AVAILABLE'),
	(22, 4552, 10000, 22, 32, 'W구역 2', 'AVAILABLE'),
	(22, 4553, 10000, 23, 32, 'W구역 2', 'AVAILABLE'),
	(22, 4554, 10000, 24, 32, 'W구역 2', 'AVAILABLE'),
	(22, 4555, 10000, 25, 32, 'W구역 2', 'AVAILABLE'),
	(22, 4556, 10000, 26, 32, 'W구역 2', 'AVAILABLE'),
	(22, 4557, 10000, 27, 32, 'W구역 2', 'AVAILABLE'),
	(22, 4558, 10000, 28, 32, 'W구역 2', 'AVAILABLE'),
	(22, 4559, 10000, 29, 32, 'W구역 2', 'AVAILABLE'),
	(22, 4560, 10000, 30, 32, 'W구역 2', 'AVAILABLE'),
	(22, 4561, 10000, 1, 33, 'E구역 1', 'AVAILABLE'),
	(22, 4562, 10000, 2, 33, 'E구역 1', 'AVAILABLE'),
	(22, 4563, 10000, 3, 33, 'E구역 1', 'AVAILABLE'),
	(22, 4564, 10000, 4, 33, 'E구역 1', 'AVAILABLE'),
	(22, 4565, 10000, 5, 33, 'E구역 1', 'AVAILABLE'),
	(22, 4566, 10000, 6, 33, 'E구역 1', 'AVAILABLE'),
	(22, 4567, 10000, 7, 33, 'E구역 1', 'AVAILABLE'),
	(22, 4568, 10000, 8, 33, 'E구역 1', 'AVAILABLE'),
	(22, 4569, 10000, 9, 33, 'E구역 1', 'AVAILABLE'),
	(22, 4570, 10000, 10, 33, 'E구역 1', 'AVAILABLE'),
	(22, 4571, 10000, 11, 33, 'E구역 1', 'AVAILABLE'),
	(22, 4572, 10000, 12, 33, 'E구역 1', 'AVAILABLE'),
	(22, 4573, 10000, 13, 33, 'E구역 1', 'AVAILABLE'),
	(22, 4574, 10000, 14, 33, 'E구역 1', 'AVAILABLE'),
	(22, 4575, 10000, 15, 33, 'E구역 1', 'AVAILABLE'),
	(22, 4576, 10000, 16, 33, 'E구역 1', 'AVAILABLE'),
	(22, 4577, 10000, 17, 33, 'E구역 1', 'AVAILABLE'),
	(22, 4578, 10000, 18, 33, 'E구역 1', 'AVAILABLE'),
	(22, 4579, 10000, 19, 33, 'E구역 1', 'AVAILABLE'),
	(22, 4580, 10000, 20, 33, 'E구역 1', 'AVAILABLE'),
	(22, 4581, 10000, 21, 33, 'E구역 1', 'AVAILABLE'),
	(22, 4582, 10000, 22, 33, 'E구역 1', 'AVAILABLE'),
	(22, 4583, 10000, 23, 33, 'E구역 1', 'AVAILABLE'),
	(22, 4584, 10000, 24, 33, 'E구역 1', 'AVAILABLE'),
	(22, 4585, 10000, 25, 33, 'E구역 1', 'AVAILABLE'),
	(22, 4586, 10000, 26, 33, 'E구역 1', 'AVAILABLE'),
	(22, 4587, 10000, 27, 33, 'E구역 1', 'AVAILABLE'),
	(22, 4588, 10000, 28, 33, 'E구역 1', 'AVAILABLE'),
	(22, 4589, 10000, 29, 33, 'E구역 1', 'AVAILABLE'),
	(22, 4590, 10000, 30, 33, 'E구역 1', 'AVAILABLE'),
	(22, 4591, 10000, 1, 34, 'E구역 2', 'AVAILABLE'),
	(22, 4592, 10000, 2, 34, 'E구역 2', 'AVAILABLE'),
	(22, 4593, 10000, 3, 34, 'E구역 2', 'AVAILABLE'),
	(22, 4594, 10000, 4, 34, 'E구역 2', 'AVAILABLE'),
	(22, 4595, 10000, 5, 34, 'E구역 2', 'AVAILABLE'),
	(22, 4596, 10000, 6, 34, 'E구역 2', 'AVAILABLE'),
	(22, 4597, 10000, 7, 34, 'E구역 2', 'AVAILABLE'),
	(22, 4598, 10000, 8, 34, 'E구역 2', 'AVAILABLE'),
	(22, 4599, 10000, 9, 34, 'E구역 2', 'AVAILABLE'),
	(22, 4600, 10000, 10, 34, 'E구역 2', 'AVAILABLE'),
	(22, 4601, 10000, 11, 34, 'E구역 2', 'AVAILABLE'),
	(22, 4602, 10000, 12, 34, 'E구역 2', 'AVAILABLE'),
	(22, 4603, 10000, 13, 34, 'E구역 2', 'AVAILABLE'),
	(22, 4604, 10000, 14, 34, 'E구역 2', 'AVAILABLE'),
	(22, 4605, 10000, 15, 34, 'E구역 2', 'AVAILABLE'),
	(22, 4606, 10000, 16, 34, 'E구역 2', 'AVAILABLE'),
	(22, 4607, 10000, 17, 34, 'E구역 2', 'AVAILABLE'),
	(22, 4608, 10000, 18, 34, 'E구역 2', 'AVAILABLE'),
	(22, 4609, 10000, 19, 34, 'E구역 2', 'AVAILABLE'),
	(22, 4610, 10000, 20, 34, 'E구역 2', 'AVAILABLE'),
	(22, 4611, 10000, 21, 34, 'E구역 2', 'AVAILABLE'),
	(22, 4612, 10000, 22, 34, 'E구역 2', 'AVAILABLE'),
	(22, 4613, 10000, 23, 34, 'E구역 2', 'AVAILABLE'),
	(22, 4614, 10000, 24, 34, 'E구역 2', 'AVAILABLE'),
	(22, 4615, 10000, 25, 34, 'E구역 2', 'AVAILABLE'),
	(22, 4616, 10000, 26, 34, 'E구역 2', 'AVAILABLE'),
	(22, 4617, 10000, 27, 34, 'E구역 2', 'AVAILABLE'),
	(22, 4618, 10000, 28, 34, 'E구역 2', 'AVAILABLE'),
	(22, 4619, 10000, 29, 34, 'E구역 2', 'AVAILABLE'),
	(22, 4620, 10000, 30, 34, 'E구역 2', 'AVAILABLE'),
	(22, 4621, 10000, 1, 35, 'E구역 3', 'AVAILABLE'),
	(22, 4622, 10000, 2, 35, 'E구역 3', 'AVAILABLE'),
	(22, 4623, 10000, 3, 35, 'E구역 3', 'AVAILABLE'),
	(22, 4624, 10000, 4, 35, 'E구역 3', 'AVAILABLE'),
	(22, 4625, 10000, 5, 35, 'E구역 3', 'AVAILABLE'),
	(22, 4626, 10000, 6, 35, 'E구역 3', 'AVAILABLE'),
	(22, 4627, 10000, 7, 35, 'E구역 3', 'AVAILABLE'),
	(22, 4628, 10000, 8, 35, 'E구역 3', 'AVAILABLE'),
	(22, 4629, 10000, 9, 35, 'E구역 3', 'AVAILABLE'),
	(22, 4630, 10000, 10, 35, 'E구역 3', 'AVAILABLE'),
	(22, 4631, 10000, 11, 35, 'E구역 3', 'AVAILABLE'),
	(22, 4632, 10000, 12, 35, 'E구역 3', 'AVAILABLE'),
	(22, 4633, 10000, 13, 35, 'E구역 3', 'AVAILABLE'),
	(22, 4634, 10000, 14, 35, 'E구역 3', 'AVAILABLE'),
	(22, 4635, 10000, 15, 35, 'E구역 3', 'AVAILABLE'),
	(22, 4636, 10000, 16, 35, 'E구역 3', 'AVAILABLE'),
	(22, 4637, 10000, 17, 35, 'E구역 3', 'AVAILABLE'),
	(22, 4638, 10000, 18, 35, 'E구역 3', 'AVAILABLE'),
	(22, 4639, 10000, 19, 35, 'E구역 3', 'AVAILABLE'),
	(22, 4640, 10000, 20, 35, 'E구역 3', 'AVAILABLE'),
	(22, 4641, 10000, 21, 35, 'E구역 3', 'AVAILABLE'),
	(22, 4642, 10000, 22, 35, 'E구역 3', 'AVAILABLE'),
	(22, 4643, 10000, 23, 35, 'E구역 3', 'AVAILABLE'),
	(22, 4644, 10000, 24, 35, 'E구역 3', 'AVAILABLE'),
	(22, 4645, 10000, 25, 35, 'E구역 3', 'AVAILABLE'),
	(22, 4646, 10000, 26, 35, 'E구역 3', 'AVAILABLE'),
	(22, 4647, 10000, 27, 35, 'E구역 3', 'AVAILABLE'),
	(22, 4648, 10000, 28, 35, 'E구역 3', 'AVAILABLE'),
	(22, 4649, 10000, 29, 35, 'E구역 3', 'AVAILABLE'),
	(22, 4650, 10000, 30, 35, 'E구역 3', 'AVAILABLE'),
	(22, 4651, 10000, 1, 36, 'E구역 4', 'AVAILABLE'),
	(22, 4652, 10000, 2, 36, 'E구역 4', 'AVAILABLE'),
	(22, 4653, 10000, 3, 36, 'E구역 4', 'AVAILABLE'),
	(22, 4654, 10000, 4, 36, 'E구역 4', 'AVAILABLE'),
	(22, 4655, 10000, 5, 36, 'E구역 4', 'AVAILABLE'),
	(22, 4656, 10000, 6, 36, 'E구역 4', 'AVAILABLE'),
	(22, 4657, 10000, 7, 36, 'E구역 4', 'AVAILABLE'),
	(22, 4658, 10000, 8, 36, 'E구역 4', 'AVAILABLE'),
	(22, 4659, 10000, 9, 36, 'E구역 4', 'AVAILABLE'),
	(22, 4660, 10000, 10, 36, 'E구역 4', 'AVAILABLE'),
	(22, 4661, 10000, 11, 36, 'E구역 4', 'AVAILABLE'),
	(22, 4662, 10000, 12, 36, 'E구역 4', 'AVAILABLE'),
	(22, 4663, 10000, 13, 36, 'E구역 4', 'AVAILABLE'),
	(22, 4664, 10000, 14, 36, 'E구역 4', 'AVAILABLE'),
	(22, 4665, 10000, 15, 36, 'E구역 4', 'AVAILABLE'),
	(22, 4666, 10000, 16, 36, 'E구역 4', 'AVAILABLE'),
	(22, 4667, 10000, 17, 36, 'E구역 4', 'AVAILABLE'),
	(22, 4668, 10000, 18, 36, 'E구역 4', 'AVAILABLE'),
	(22, 4669, 10000, 19, 36, 'E구역 4', 'AVAILABLE'),
	(22, 4670, 10000, 20, 36, 'E구역 4', 'AVAILABLE'),
	(22, 4671, 10000, 21, 36, 'E구역 4', 'AVAILABLE'),
	(22, 4672, 10000, 22, 36, 'E구역 4', 'AVAILABLE'),
	(22, 4673, 10000, 23, 36, 'E구역 4', 'AVAILABLE'),
	(22, 4674, 10000, 24, 36, 'E구역 4', 'AVAILABLE'),
	(22, 4675, 10000, 25, 36, 'E구역 4', 'AVAILABLE'),
	(22, 4676, 10000, 26, 36, 'E구역 4', 'AVAILABLE'),
	(22, 4677, 10000, 27, 36, 'E구역 4', 'AVAILABLE'),
	(22, 4678, 10000, 28, 36, 'E구역 4', 'AVAILABLE'),
	(22, 4679, 10000, 29, 36, 'E구역 4', 'AVAILABLE'),
	(22, 4680, 10000, 30, 36, 'E구역 4', 'AVAILABLE'),
	(23, 4681, 20000, 1, 97, 'S구역 1', 'AVAILABLE'),
	(23, 4682, 20000, 2, 97, 'S구역 1', 'AVAILABLE'),
	(23, 4683, 20000, 3, 97, 'S구역 1', 'SOLD'),
	(23, 4684, 20000, 4, 97, 'S구역 1', 'SOLD'),
	(23, 4685, 20000, 5, 97, 'S구역 1', 'SOLD'),
	(23, 4686, 20000, 6, 97, 'S구역 1', 'AVAILABLE'),
	(23, 4687, 20000, 7, 97, 'S구역 1', 'AVAILABLE'),
	(23, 4688, 20000, 8, 97, 'S구역 1', 'AVAILABLE'),
	(23, 4689, 20000, 9, 97, 'S구역 1', 'AVAILABLE'),
	(23, 4690, 20000, 10, 97, 'S구역 1', 'SOLD'),
	(23, 4691, 20000, 11, 97, 'S구역 1', 'SOLD'),
	(23, 4692, 20000, 12, 97, 'S구역 1', 'AVAILABLE'),
	(23, 4693, 20000, 13, 97, 'S구역 1', 'AVAILABLE'),
	(23, 4694, 20000, 14, 97, 'S구역 1', 'AVAILABLE'),
	(23, 4695, 20000, 15, 97, 'S구역 1', 'AVAILABLE'),
	(23, 4696, 20000, 16, 97, 'S구역 1', 'AVAILABLE'),
	(23, 4697, 20000, 17, 97, 'S구역 1', 'AVAILABLE'),
	(23, 4698, 20000, 18, 97, 'S구역 1', 'AVAILABLE'),
	(23, 4699, 20000, 19, 97, 'S구역 1', 'AVAILABLE'),
	(23, 4700, 20000, 20, 97, 'S구역 1', 'AVAILABLE'),
	(23, 4701, 20000, 21, 97, 'S구역 1', 'AVAILABLE'),
	(23, 4702, 20000, 22, 97, 'S구역 1', 'AVAILABLE'),
	(23, 4703, 20000, 23, 97, 'S구역 1', 'AVAILABLE'),
	(23, 4704, 20000, 24, 97, 'S구역 1', 'AVAILABLE'),
	(23, 4705, 20000, 25, 97, 'S구역 1', 'AVAILABLE'),
	(23, 4706, 20000, 26, 97, 'S구역 1', 'AVAILABLE'),
	(23, 4707, 20000, 27, 97, 'S구역 1', 'AVAILABLE'),
	(23, 4708, 20000, 28, 97, 'S구역 1', 'AVAILABLE'),
	(23, 4709, 20000, 29, 97, 'S구역 1', 'AVAILABLE'),
	(23, 4710, 20000, 30, 97, 'S구역 1', 'AVAILABLE'),
	(23, 4711, 20000, 1, 98, 'S구역 2', 'AVAILABLE'),
	(23, 4712, 20000, 2, 98, 'S구역 2', 'AVAILABLE'),
	(23, 4713, 20000, 3, 98, 'S구역 2', 'AVAILABLE'),
	(23, 4714, 20000, 4, 98, 'S구역 2', 'AVAILABLE'),
	(23, 4715, 20000, 5, 98, 'S구역 2', 'AVAILABLE'),
	(23, 4716, 20000, 6, 98, 'S구역 2', 'AVAILABLE'),
	(23, 4717, 20000, 7, 98, 'S구역 2', 'AVAILABLE'),
	(23, 4718, 20000, 8, 98, 'S구역 2', 'AVAILABLE'),
	(23, 4719, 20000, 9, 98, 'S구역 2', 'AVAILABLE'),
	(23, 4720, 20000, 10, 98, 'S구역 2', 'AVAILABLE'),
	(23, 4721, 20000, 11, 98, 'S구역 2', 'AVAILABLE'),
	(23, 4722, 20000, 12, 98, 'S구역 2', 'AVAILABLE'),
	(23, 4723, 20000, 13, 98, 'S구역 2', 'AVAILABLE'),
	(23, 4724, 20000, 14, 98, 'S구역 2', 'AVAILABLE'),
	(23, 4725, 20000, 15, 98, 'S구역 2', 'AVAILABLE'),
	(23, 4726, 20000, 16, 98, 'S구역 2', 'AVAILABLE'),
	(23, 4727, 20000, 17, 98, 'S구역 2', 'AVAILABLE'),
	(23, 4728, 20000, 18, 98, 'S구역 2', 'AVAILABLE'),
	(23, 4729, 20000, 19, 98, 'S구역 2', 'AVAILABLE'),
	(23, 4730, 20000, 20, 98, 'S구역 2', 'AVAILABLE'),
	(23, 4731, 20000, 21, 98, 'S구역 2', 'AVAILABLE'),
	(23, 4732, 20000, 22, 98, 'S구역 2', 'AVAILABLE'),
	(23, 4733, 20000, 23, 98, 'S구역 2', 'AVAILABLE'),
	(23, 4734, 20000, 24, 98, 'S구역 2', 'AVAILABLE'),
	(23, 4735, 20000, 25, 98, 'S구역 2', 'AVAILABLE'),
	(23, 4736, 20000, 26, 98, 'S구역 2', 'AVAILABLE'),
	(23, 4737, 20000, 27, 98, 'S구역 2', 'AVAILABLE'),
	(23, 4738, 20000, 28, 98, 'S구역 2', 'AVAILABLE'),
	(23, 4739, 20000, 29, 98, 'S구역 2', 'AVAILABLE'),
	(23, 4740, 20000, 30, 98, 'S구역 2', 'AVAILABLE'),
	(23, 4741, 15000, 1, 99, 'R구역 1', 'AVAILABLE'),
	(23, 4742, 15000, 2, 99, 'R구역 1', 'AVAILABLE'),
	(23, 4743, 15000, 3, 99, 'R구역 1', 'AVAILABLE'),
	(23, 4744, 15000, 4, 99, 'R구역 1', 'AVAILABLE'),
	(23, 4745, 15000, 5, 99, 'R구역 1', 'AVAILABLE'),
	(23, 4746, 15000, 6, 99, 'R구역 1', 'AVAILABLE'),
	(23, 4747, 15000, 7, 99, 'R구역 1', 'AVAILABLE'),
	(23, 4748, 15000, 8, 99, 'R구역 1', 'AVAILABLE'),
	(23, 4749, 15000, 9, 99, 'R구역 1', 'AVAILABLE'),
	(23, 4750, 15000, 10, 99, 'R구역 1', 'AVAILABLE'),
	(23, 4751, 15000, 11, 99, 'R구역 1', 'AVAILABLE'),
	(23, 4752, 15000, 12, 99, 'R구역 1', 'AVAILABLE'),
	(23, 4753, 15000, 13, 99, 'R구역 1', 'AVAILABLE'),
	(23, 4754, 15000, 14, 99, 'R구역 1', 'AVAILABLE'),
	(23, 4755, 15000, 15, 99, 'R구역 1', 'AVAILABLE'),
	(23, 4756, 15000, 16, 99, 'R구역 1', 'AVAILABLE'),
	(23, 4757, 15000, 17, 99, 'R구역 1', 'AVAILABLE'),
	(23, 4758, 15000, 18, 99, 'R구역 1', 'AVAILABLE'),
	(23, 4759, 15000, 19, 99, 'R구역 1', 'AVAILABLE'),
	(23, 4760, 15000, 20, 99, 'R구역 1', 'AVAILABLE'),
	(23, 4761, 15000, 21, 99, 'R구역 1', 'AVAILABLE'),
	(23, 4762, 15000, 22, 99, 'R구역 1', 'AVAILABLE'),
	(23, 4763, 15000, 23, 99, 'R구역 1', 'AVAILABLE'),
	(23, 4764, 15000, 24, 99, 'R구역 1', 'AVAILABLE'),
	(23, 4765, 15000, 25, 99, 'R구역 1', 'AVAILABLE'),
	(23, 4766, 15000, 26, 99, 'R구역 1', 'AVAILABLE'),
	(23, 4767, 15000, 27, 99, 'R구역 1', 'AVAILABLE'),
	(23, 4768, 15000, 28, 99, 'R구역 1', 'AVAILABLE'),
	(23, 4769, 15000, 29, 99, 'R구역 1', 'AVAILABLE'),
	(23, 4770, 15000, 30, 99, 'R구역 1', 'AVAILABLE'),
	(23, 4771, 15000, 1, 100, 'R구역 2', 'AVAILABLE'),
	(23, 4772, 15000, 2, 100, 'R구역 2', 'AVAILABLE'),
	(23, 4773, 15000, 3, 100, 'R구역 2', 'AVAILABLE'),
	(23, 4774, 15000, 4, 100, 'R구역 2', 'AVAILABLE'),
	(23, 4775, 15000, 5, 100, 'R구역 2', 'AVAILABLE'),
	(23, 4776, 15000, 6, 100, 'R구역 2', 'AVAILABLE'),
	(23, 4777, 15000, 7, 100, 'R구역 2', 'AVAILABLE'),
	(23, 4778, 15000, 8, 100, 'R구역 2', 'AVAILABLE'),
	(23, 4779, 15000, 9, 100, 'R구역 2', 'AVAILABLE'),
	(23, 4780, 15000, 10, 100, 'R구역 2', 'AVAILABLE'),
	(23, 4781, 15000, 11, 100, 'R구역 2', 'AVAILABLE'),
	(23, 4782, 15000, 12, 100, 'R구역 2', 'AVAILABLE'),
	(23, 4783, 15000, 13, 100, 'R구역 2', 'AVAILABLE'),
	(23, 4784, 15000, 14, 100, 'R구역 2', 'AVAILABLE'),
	(23, 4785, 15000, 15, 100, 'R구역 2', 'AVAILABLE'),
	(23, 4786, 15000, 16, 100, 'R구역 2', 'AVAILABLE'),
	(23, 4787, 15000, 17, 100, 'R구역 2', 'AVAILABLE'),
	(23, 4788, 15000, 18, 100, 'R구역 2', 'AVAILABLE'),
	(23, 4789, 15000, 19, 100, 'R구역 2', 'AVAILABLE'),
	(23, 4790, 15000, 20, 100, 'R구역 2', 'AVAILABLE'),
	(23, 4791, 15000, 21, 100, 'R구역 2', 'AVAILABLE'),
	(23, 4792, 15000, 22, 100, 'R구역 2', 'AVAILABLE'),
	(23, 4793, 15000, 23, 100, 'R구역 2', 'AVAILABLE'),
	(23, 4794, 15000, 24, 100, 'R구역 2', 'AVAILABLE'),
	(23, 4795, 15000, 25, 100, 'R구역 2', 'AVAILABLE'),
	(23, 4796, 15000, 26, 100, 'R구역 2', 'AVAILABLE'),
	(23, 4797, 15000, 27, 100, 'R구역 2', 'AVAILABLE'),
	(23, 4798, 15000, 28, 100, 'R구역 2', 'AVAILABLE'),
	(23, 4799, 15000, 29, 100, 'R구역 2', 'AVAILABLE'),
	(23, 4800, 15000, 30, 100, 'R구역 2', 'AVAILABLE'),
	(23, 4801, 15000, 1, 101, 'R구역 3', 'AVAILABLE'),
	(23, 4802, 15000, 2, 101, 'R구역 3', 'AVAILABLE'),
	(23, 4803, 15000, 3, 101, 'R구역 3', 'AVAILABLE'),
	(23, 4804, 15000, 4, 101, 'R구역 3', 'AVAILABLE'),
	(23, 4805, 15000, 5, 101, 'R구역 3', 'AVAILABLE'),
	(23, 4806, 15000, 6, 101, 'R구역 3', 'AVAILABLE'),
	(23, 4807, 15000, 7, 101, 'R구역 3', 'AVAILABLE'),
	(23, 4808, 15000, 8, 101, 'R구역 3', 'AVAILABLE'),
	(23, 4809, 15000, 9, 101, 'R구역 3', 'AVAILABLE'),
	(23, 4810, 15000, 10, 101, 'R구역 3', 'AVAILABLE'),
	(23, 4811, 15000, 11, 101, 'R구역 3', 'AVAILABLE'),
	(23, 4812, 15000, 12, 101, 'R구역 3', 'AVAILABLE'),
	(23, 4813, 15000, 13, 101, 'R구역 3', 'AVAILABLE'),
	(23, 4814, 15000, 14, 101, 'R구역 3', 'AVAILABLE'),
	(23, 4815, 15000, 15, 101, 'R구역 3', 'AVAILABLE'),
	(23, 4816, 15000, 16, 101, 'R구역 3', 'AVAILABLE'),
	(23, 4817, 15000, 17, 101, 'R구역 3', 'AVAILABLE'),
	(23, 4818, 15000, 18, 101, 'R구역 3', 'AVAILABLE'),
	(23, 4819, 15000, 19, 101, 'R구역 3', 'AVAILABLE'),
	(23, 4820, 15000, 20, 101, 'R구역 3', 'AVAILABLE'),
	(23, 4821, 15000, 21, 101, 'R구역 3', 'AVAILABLE'),
	(23, 4822, 15000, 22, 101, 'R구역 3', 'AVAILABLE'),
	(23, 4823, 15000, 23, 101, 'R구역 3', 'AVAILABLE'),
	(23, 4824, 15000, 24, 101, 'R구역 3', 'AVAILABLE'),
	(23, 4825, 15000, 25, 101, 'R구역 3', 'AVAILABLE'),
	(23, 4826, 15000, 26, 101, 'R구역 3', 'AVAILABLE'),
	(23, 4827, 15000, 27, 101, 'R구역 3', 'AVAILABLE'),
	(23, 4828, 15000, 28, 101, 'R구역 3', 'AVAILABLE'),
	(23, 4829, 15000, 29, 101, 'R구역 3', 'AVAILABLE'),
	(23, 4830, 15000, 30, 101, 'R구역 3', 'AVAILABLE'),
	(23, 4831, 15000, 1, 102, 'R구역 4', 'AVAILABLE'),
	(23, 4832, 15000, 2, 102, 'R구역 4', 'AVAILABLE'),
	(23, 4833, 15000, 3, 102, 'R구역 4', 'AVAILABLE'),
	(23, 4834, 15000, 4, 102, 'R구역 4', 'AVAILABLE'),
	(23, 4835, 15000, 5, 102, 'R구역 4', 'AVAILABLE'),
	(23, 4836, 15000, 6, 102, 'R구역 4', 'AVAILABLE'),
	(23, 4837, 15000, 7, 102, 'R구역 4', 'AVAILABLE'),
	(23, 4838, 15000, 8, 102, 'R구역 4', 'AVAILABLE'),
	(23, 4839, 15000, 9, 102, 'R구역 4', 'AVAILABLE'),
	(23, 4840, 15000, 10, 102, 'R구역 4', 'AVAILABLE'),
	(23, 4841, 15000, 11, 102, 'R구역 4', 'AVAILABLE'),
	(23, 4842, 15000, 12, 102, 'R구역 4', 'AVAILABLE'),
	(23, 4843, 15000, 13, 102, 'R구역 4', 'AVAILABLE'),
	(23, 4844, 15000, 14, 102, 'R구역 4', 'AVAILABLE'),
	(23, 4845, 15000, 15, 102, 'R구역 4', 'AVAILABLE'),
	(23, 4846, 15000, 16, 102, 'R구역 4', 'AVAILABLE'),
	(23, 4847, 15000, 17, 102, 'R구역 4', 'AVAILABLE'),
	(23, 4848, 15000, 18, 102, 'R구역 4', 'AVAILABLE'),
	(23, 4849, 15000, 19, 102, 'R구역 4', 'AVAILABLE'),
	(23, 4850, 15000, 20, 102, 'R구역 4', 'AVAILABLE'),
	(23, 4851, 15000, 21, 102, 'R구역 4', 'AVAILABLE'),
	(23, 4852, 15000, 22, 102, 'R구역 4', 'AVAILABLE'),
	(23, 4853, 15000, 23, 102, 'R구역 4', 'AVAILABLE'),
	(23, 4854, 15000, 24, 102, 'R구역 4', 'AVAILABLE'),
	(23, 4855, 15000, 25, 102, 'R구역 4', 'AVAILABLE'),
	(23, 4856, 15000, 26, 102, 'R구역 4', 'AVAILABLE'),
	(23, 4857, 15000, 27, 102, 'R구역 4', 'AVAILABLE'),
	(23, 4858, 15000, 28, 102, 'R구역 4', 'AVAILABLE'),
	(23, 4859, 15000, 29, 102, 'R구역 4', 'AVAILABLE'),
	(23, 4860, 15000, 30, 102, 'R구역 4', 'AVAILABLE'),
	(23, 4861, 10000, 1, 103, 'W구역 1', 'AVAILABLE'),
	(23, 4862, 10000, 2, 103, 'W구역 1', 'AVAILABLE'),
	(23, 4863, 10000, 3, 103, 'W구역 1', 'AVAILABLE'),
	(23, 4864, 10000, 4, 103, 'W구역 1', 'AVAILABLE'),
	(23, 4865, 10000, 5, 103, 'W구역 1', 'AVAILABLE'),
	(23, 4866, 10000, 6, 103, 'W구역 1', 'AVAILABLE'),
	(23, 4867, 10000, 7, 103, 'W구역 1', 'AVAILABLE'),
	(23, 4868, 10000, 8, 103, 'W구역 1', 'AVAILABLE'),
	(23, 4869, 10000, 9, 103, 'W구역 1', 'AVAILABLE'),
	(23, 4870, 10000, 10, 103, 'W구역 1', 'AVAILABLE'),
	(23, 4871, 10000, 11, 103, 'W구역 1', 'AVAILABLE'),
	(23, 4872, 10000, 12, 103, 'W구역 1', 'AVAILABLE'),
	(23, 4873, 10000, 13, 103, 'W구역 1', 'AVAILABLE'),
	(23, 4874, 10000, 14, 103, 'W구역 1', 'AVAILABLE'),
	(23, 4875, 10000, 15, 103, 'W구역 1', 'AVAILABLE'),
	(23, 4876, 10000, 16, 103, 'W구역 1', 'AVAILABLE'),
	(23, 4877, 10000, 17, 103, 'W구역 1', 'AVAILABLE'),
	(23, 4878, 10000, 18, 103, 'W구역 1', 'AVAILABLE'),
	(23, 4879, 10000, 19, 103, 'W구역 1', 'AVAILABLE'),
	(23, 4880, 10000, 20, 103, 'W구역 1', 'AVAILABLE'),
	(23, 4881, 10000, 21, 103, 'W구역 1', 'AVAILABLE'),
	(23, 4882, 10000, 22, 103, 'W구역 1', 'AVAILABLE'),
	(23, 4883, 10000, 23, 103, 'W구역 1', 'AVAILABLE'),
	(23, 4884, 10000, 24, 103, 'W구역 1', 'AVAILABLE'),
	(23, 4885, 10000, 25, 103, 'W구역 1', 'AVAILABLE'),
	(23, 4886, 10000, 26, 103, 'W구역 1', 'AVAILABLE'),
	(23, 4887, 10000, 27, 103, 'W구역 1', 'AVAILABLE'),
	(23, 4888, 10000, 28, 103, 'W구역 1', 'AVAILABLE'),
	(23, 4889, 10000, 29, 103, 'W구역 1', 'AVAILABLE'),
	(23, 4890, 10000, 30, 103, 'W구역 1', 'AVAILABLE'),
	(23, 4891, 10000, 1, 104, 'W구역 2', 'AVAILABLE'),
	(23, 4892, 10000, 2, 104, 'W구역 2', 'SOLD'),
	(23, 4893, 10000, 3, 104, 'W구역 2', 'SOLD'),
	(23, 4894, 10000, 4, 104, 'W구역 2', 'SOLD'),
	(23, 4895, 10000, 5, 104, 'W구역 2', 'AVAILABLE'),
	(23, 4896, 10000, 6, 104, 'W구역 2', 'AVAILABLE'),
	(23, 4897, 10000, 7, 104, 'W구역 2', 'AVAILABLE'),
	(23, 4898, 10000, 8, 104, 'W구역 2', 'AVAILABLE'),
	(23, 4899, 10000, 9, 104, 'W구역 2', 'AVAILABLE'),
	(23, 4900, 10000, 10, 104, 'W구역 2', 'AVAILABLE'),
	(23, 4901, 10000, 11, 104, 'W구역 2', 'AVAILABLE'),
	(23, 4902, 10000, 12, 104, 'W구역 2', 'AVAILABLE'),
	(23, 4903, 10000, 13, 104, 'W구역 2', 'AVAILABLE'),
	(23, 4904, 10000, 14, 104, 'W구역 2', 'AVAILABLE'),
	(23, 4905, 10000, 15, 104, 'W구역 2', 'AVAILABLE'),
	(23, 4906, 10000, 16, 104, 'W구역 2', 'AVAILABLE'),
	(23, 4907, 10000, 17, 104, 'W구역 2', 'AVAILABLE'),
	(23, 4908, 10000, 18, 104, 'W구역 2', 'AVAILABLE'),
	(23, 4909, 10000, 19, 104, 'W구역 2', 'AVAILABLE'),
	(23, 4910, 10000, 20, 104, 'W구역 2', 'AVAILABLE'),
	(23, 4911, 10000, 21, 104, 'W구역 2', 'AVAILABLE'),
	(23, 4912, 10000, 22, 104, 'W구역 2', 'AVAILABLE'),
	(23, 4913, 10000, 23, 104, 'W구역 2', 'AVAILABLE'),
	(23, 4914, 10000, 24, 104, 'W구역 2', 'AVAILABLE'),
	(23, 4915, 10000, 25, 104, 'W구역 2', 'AVAILABLE'),
	(23, 4916, 10000, 26, 104, 'W구역 2', 'AVAILABLE'),
	(23, 4917, 10000, 27, 104, 'W구역 2', 'AVAILABLE'),
	(23, 4918, 10000, 28, 104, 'W구역 2', 'AVAILABLE'),
	(23, 4919, 10000, 29, 104, 'W구역 2', 'AVAILABLE'),
	(23, 4920, 10000, 30, 104, 'W구역 2', 'AVAILABLE'),
	(23, 4921, 10000, 1, 105, 'E구역 1', 'AVAILABLE'),
	(23, 4922, 10000, 2, 105, 'E구역 1', 'AVAILABLE'),
	(23, 4923, 10000, 3, 105, 'E구역 1', 'AVAILABLE'),
	(23, 4924, 10000, 4, 105, 'E구역 1', 'AVAILABLE'),
	(23, 4925, 10000, 5, 105, 'E구역 1', 'AVAILABLE'),
	(23, 4926, 10000, 6, 105, 'E구역 1', 'AVAILABLE'),
	(23, 4927, 10000, 7, 105, 'E구역 1', 'AVAILABLE'),
	(23, 4928, 10000, 8, 105, 'E구역 1', 'AVAILABLE'),
	(23, 4929, 10000, 9, 105, 'E구역 1', 'AVAILABLE'),
	(23, 4930, 10000, 10, 105, 'E구역 1', 'AVAILABLE'),
	(23, 4931, 10000, 11, 105, 'E구역 1', 'AVAILABLE'),
	(23, 4932, 10000, 12, 105, 'E구역 1', 'AVAILABLE'),
	(23, 4933, 10000, 13, 105, 'E구역 1', 'AVAILABLE'),
	(23, 4934, 10000, 14, 105, 'E구역 1', 'AVAILABLE'),
	(23, 4935, 10000, 15, 105, 'E구역 1', 'AVAILABLE'),
	(23, 4936, 10000, 16, 105, 'E구역 1', 'AVAILABLE'),
	(23, 4937, 10000, 17, 105, 'E구역 1', 'AVAILABLE'),
	(23, 4938, 10000, 18, 105, 'E구역 1', 'AVAILABLE'),
	(23, 4939, 10000, 19, 105, 'E구역 1', 'AVAILABLE'),
	(23, 4940, 10000, 20, 105, 'E구역 1', 'AVAILABLE'),
	(23, 4941, 10000, 21, 105, 'E구역 1', 'AVAILABLE'),
	(23, 4942, 10000, 22, 105, 'E구역 1', 'AVAILABLE'),
	(23, 4943, 10000, 23, 105, 'E구역 1', 'AVAILABLE'),
	(23, 4944, 10000, 24, 105, 'E구역 1', 'AVAILABLE'),
	(23, 4945, 10000, 25, 105, 'E구역 1', 'AVAILABLE'),
	(23, 4946, 10000, 26, 105, 'E구역 1', 'AVAILABLE'),
	(23, 4947, 10000, 27, 105, 'E구역 1', 'AVAILABLE'),
	(23, 4948, 10000, 28, 105, 'E구역 1', 'AVAILABLE'),
	(23, 4949, 10000, 29, 105, 'E구역 1', 'AVAILABLE'),
	(23, 4950, 10000, 30, 105, 'E구역 1', 'AVAILABLE'),
	(23, 4951, 10000, 1, 106, 'E구역 2', 'AVAILABLE'),
	(23, 4952, 10000, 2, 106, 'E구역 2', 'AVAILABLE'),
	(23, 4953, 10000, 3, 106, 'E구역 2', 'AVAILABLE'),
	(23, 4954, 10000, 4, 106, 'E구역 2', 'AVAILABLE'),
	(23, 4955, 10000, 5, 106, 'E구역 2', 'AVAILABLE'),
	(23, 4956, 10000, 6, 106, 'E구역 2', 'AVAILABLE'),
	(23, 4957, 10000, 7, 106, 'E구역 2', 'AVAILABLE'),
	(23, 4958, 10000, 8, 106, 'E구역 2', 'AVAILABLE'),
	(23, 4959, 10000, 9, 106, 'E구역 2', 'AVAILABLE'),
	(23, 4960, 10000, 10, 106, 'E구역 2', 'AVAILABLE'),
	(23, 4961, 10000, 11, 106, 'E구역 2', 'AVAILABLE'),
	(23, 4962, 10000, 12, 106, 'E구역 2', 'AVAILABLE'),
	(23, 4963, 10000, 13, 106, 'E구역 2', 'AVAILABLE'),
	(23, 4964, 10000, 14, 106, 'E구역 2', 'AVAILABLE'),
	(23, 4965, 10000, 15, 106, 'E구역 2', 'AVAILABLE'),
	(23, 4966, 10000, 16, 106, 'E구역 2', 'AVAILABLE'),
	(23, 4967, 10000, 17, 106, 'E구역 2', 'AVAILABLE'),
	(23, 4968, 10000, 18, 106, 'E구역 2', 'AVAILABLE'),
	(23, 4969, 10000, 19, 106, 'E구역 2', 'AVAILABLE'),
	(23, 4970, 10000, 20, 106, 'E구역 2', 'AVAILABLE'),
	(23, 4971, 10000, 21, 106, 'E구역 2', 'AVAILABLE'),
	(23, 4972, 10000, 22, 106, 'E구역 2', 'AVAILABLE'),
	(23, 4973, 10000, 23, 106, 'E구역 2', 'AVAILABLE'),
	(23, 4974, 10000, 24, 106, 'E구역 2', 'AVAILABLE'),
	(23, 4975, 10000, 25, 106, 'E구역 2', 'AVAILABLE'),
	(23, 4976, 10000, 26, 106, 'E구역 2', 'AVAILABLE'),
	(23, 4977, 10000, 27, 106, 'E구역 2', 'AVAILABLE'),
	(23, 4978, 10000, 28, 106, 'E구역 2', 'AVAILABLE'),
	(23, 4979, 10000, 29, 106, 'E구역 2', 'AVAILABLE'),
	(23, 4980, 10000, 30, 106, 'E구역 2', 'AVAILABLE'),
	(23, 4981, 10000, 1, 107, 'E구역 3', 'AVAILABLE'),
	(23, 4982, 10000, 2, 107, 'E구역 3', 'AVAILABLE'),
	(23, 4983, 10000, 3, 107, 'E구역 3', 'AVAILABLE'),
	(23, 4984, 10000, 4, 107, 'E구역 3', 'AVAILABLE'),
	(23, 4985, 10000, 5, 107, 'E구역 3', 'AVAILABLE'),
	(23, 4986, 10000, 6, 107, 'E구역 3', 'AVAILABLE'),
	(23, 4987, 10000, 7, 107, 'E구역 3', 'AVAILABLE'),
	(23, 4988, 10000, 8, 107, 'E구역 3', 'AVAILABLE'),
	(23, 4989, 10000, 9, 107, 'E구역 3', 'AVAILABLE'),
	(23, 4990, 10000, 10, 107, 'E구역 3', 'AVAILABLE'),
	(23, 4991, 10000, 11, 107, 'E구역 3', 'AVAILABLE'),
	(23, 4992, 10000, 12, 107, 'E구역 3', 'AVAILABLE'),
	(23, 4993, 10000, 13, 107, 'E구역 3', 'AVAILABLE'),
	(23, 4994, 10000, 14, 107, 'E구역 3', 'AVAILABLE'),
	(23, 4995, 10000, 15, 107, 'E구역 3', 'AVAILABLE'),
	(23, 4996, 10000, 16, 107, 'E구역 3', 'AVAILABLE'),
	(23, 4997, 10000, 17, 107, 'E구역 3', 'AVAILABLE'),
	(23, 4998, 10000, 18, 107, 'E구역 3', 'AVAILABLE'),
	(23, 4999, 10000, 19, 107, 'E구역 3', 'AVAILABLE'),
	(23, 5000, 10000, 20, 107, 'E구역 3', 'AVAILABLE'),
	(23, 5001, 10000, 21, 107, 'E구역 3', 'AVAILABLE'),
	(23, 5002, 10000, 22, 107, 'E구역 3', 'AVAILABLE'),
	(23, 5003, 10000, 23, 107, 'E구역 3', 'AVAILABLE'),
	(23, 5004, 10000, 24, 107, 'E구역 3', 'AVAILABLE'),
	(23, 5005, 10000, 25, 107, 'E구역 3', 'AVAILABLE'),
	(23, 5006, 10000, 26, 107, 'E구역 3', 'SOLD'),
	(23, 5007, 10000, 27, 107, 'E구역 3', 'SOLD'),
	(23, 5008, 10000, 28, 107, 'E구역 3', 'AVAILABLE'),
	(23, 5009, 10000, 29, 107, 'E구역 3', 'AVAILABLE'),
	(23, 5010, 10000, 30, 107, 'E구역 3', 'AVAILABLE'),
	(23, 5011, 10000, 1, 108, 'E구역 4', 'SOLD'),
	(23, 5012, 10000, 2, 108, 'E구역 4', 'SOLD'),
	(23, 5013, 10000, 3, 108, 'E구역 4', 'SOLD'),
	(23, 5014, 10000, 4, 108, 'E구역 4', 'SOLD'),
	(23, 5015, 10000, 5, 108, 'E구역 4', 'SOLD'),
	(23, 5016, 10000, 6, 108, 'E구역 4', 'AVAILABLE'),
	(23, 5017, 10000, 7, 108, 'E구역 4', 'AVAILABLE'),
	(23, 5018, 10000, 8, 108, 'E구역 4', 'AVAILABLE'),
	(23, 5019, 10000, 9, 108, 'E구역 4', 'AVAILABLE'),
	(23, 5020, 10000, 10, 108, 'E구역 4', 'AVAILABLE'),
	(23, 5021, 10000, 11, 108, 'E구역 4', 'AVAILABLE'),
	(23, 5022, 10000, 12, 108, 'E구역 4', 'AVAILABLE'),
	(23, 5023, 10000, 13, 108, 'E구역 4', 'AVAILABLE'),
	(23, 5024, 10000, 14, 108, 'E구역 4', 'AVAILABLE'),
	(23, 5025, 10000, 15, 108, 'E구역 4', 'AVAILABLE'),
	(23, 5026, 10000, 16, 108, 'E구역 4', 'AVAILABLE'),
	(23, 5027, 10000, 17, 108, 'E구역 4', 'AVAILABLE'),
	(23, 5028, 10000, 18, 108, 'E구역 4', 'AVAILABLE'),
	(23, 5029, 10000, 19, 108, 'E구역 4', 'AVAILABLE'),
	(23, 5030, 10000, 20, 108, 'E구역 4', 'AVAILABLE'),
	(23, 5031, 10000, 21, 108, 'E구역 4', 'AVAILABLE'),
	(23, 5032, 10000, 22, 108, 'E구역 4', 'AVAILABLE'),
	(23, 5033, 10000, 23, 108, 'E구역 4', 'AVAILABLE'),
	(23, 5034, 10000, 24, 108, 'E구역 4', 'AVAILABLE'),
	(23, 5035, 10000, 25, 108, 'E구역 4', 'AVAILABLE'),
	(23, 5036, 10000, 26, 108, 'E구역 4', 'AVAILABLE'),
	(23, 5037, 10000, 27, 108, 'E구역 4', 'AVAILABLE'),
	(23, 5038, 10000, 28, 108, 'E구역 4', 'SOLD'),
	(23, 5039, 10000, 29, 108, 'E구역 4', 'SOLD'),
	(23, 5040, 10000, 30, 108, 'E구역 4', 'AVAILABLE'),
	(24, 5041, 20000, 1, 73, 'S구역 1', 'AVAILABLE'),
	(24, 5042, 20000, 2, 73, 'S구역 1', 'AVAILABLE'),
	(24, 5043, 20000, 3, 73, 'S구역 1', 'SOLD'),
	(24, 5044, 20000, 4, 73, 'S구역 1', 'SOLD'),
	(24, 5045, 20000, 5, 73, 'S구역 1', 'SOLD'),
	(24, 5046, 20000, 6, 73, 'S구역 1', 'AVAILABLE'),
	(24, 5047, 20000, 7, 73, 'S구역 1', 'AVAILABLE'),
	(24, 5048, 20000, 8, 73, 'S구역 1', 'AVAILABLE'),
	(24, 5049, 20000, 9, 73, 'S구역 1', 'AVAILABLE'),
	(24, 5050, 20000, 10, 73, 'S구역 1', 'AVAILABLE'),
	(24, 5051, 20000, 11, 73, 'S구역 1', 'AVAILABLE'),
	(24, 5052, 20000, 12, 73, 'S구역 1', 'AVAILABLE'),
	(24, 5053, 20000, 13, 73, 'S구역 1', 'AVAILABLE'),
	(24, 5054, 20000, 14, 73, 'S구역 1', 'AVAILABLE'),
	(24, 5055, 20000, 15, 73, 'S구역 1', 'AVAILABLE'),
	(24, 5056, 20000, 16, 73, 'S구역 1', 'AVAILABLE'),
	(24, 5057, 20000, 17, 73, 'S구역 1', 'AVAILABLE'),
	(24, 5058, 20000, 18, 73, 'S구역 1', 'AVAILABLE'),
	(24, 5059, 20000, 19, 73, 'S구역 1', 'AVAILABLE'),
	(24, 5060, 20000, 20, 73, 'S구역 1', 'AVAILABLE'),
	(24, 5061, 20000, 21, 73, 'S구역 1', 'AVAILABLE'),
	(24, 5062, 20000, 22, 73, 'S구역 1', 'AVAILABLE'),
	(24, 5063, 20000, 23, 73, 'S구역 1', 'AVAILABLE'),
	(24, 5064, 20000, 24, 73, 'S구역 1', 'AVAILABLE'),
	(24, 5065, 20000, 25, 73, 'S구역 1', 'AVAILABLE'),
	(24, 5066, 20000, 26, 73, 'S구역 1', 'AVAILABLE'),
	(24, 5067, 20000, 27, 73, 'S구역 1', 'AVAILABLE'),
	(24, 5068, 20000, 28, 73, 'S구역 1', 'AVAILABLE'),
	(24, 5069, 20000, 29, 73, 'S구역 1', 'AVAILABLE'),
	(24, 5070, 20000, 30, 73, 'S구역 1', 'AVAILABLE'),
	(24, 5071, 20000, 1, 74, 'S구역 2', 'AVAILABLE'),
	(24, 5072, 20000, 2, 74, 'S구역 2', 'AVAILABLE'),
	(24, 5073, 20000, 3, 74, 'S구역 2', 'AVAILABLE'),
	(24, 5074, 20000, 4, 74, 'S구역 2', 'AVAILABLE'),
	(24, 5075, 20000, 5, 74, 'S구역 2', 'AVAILABLE'),
	(24, 5076, 20000, 6, 74, 'S구역 2', 'AVAILABLE'),
	(24, 5077, 20000, 7, 74, 'S구역 2', 'AVAILABLE'),
	(24, 5078, 20000, 8, 74, 'S구역 2', 'AVAILABLE'),
	(24, 5079, 20000, 9, 74, 'S구역 2', 'AVAILABLE'),
	(24, 5080, 20000, 10, 74, 'S구역 2', 'AVAILABLE'),
	(24, 5081, 20000, 11, 74, 'S구역 2', 'AVAILABLE'),
	(24, 5082, 20000, 12, 74, 'S구역 2', 'AVAILABLE'),
	(24, 5083, 20000, 13, 74, 'S구역 2', 'AVAILABLE'),
	(24, 5084, 20000, 14, 74, 'S구역 2', 'AVAILABLE'),
	(24, 5085, 20000, 15, 74, 'S구역 2', 'AVAILABLE'),
	(24, 5086, 20000, 16, 74, 'S구역 2', 'AVAILABLE'),
	(24, 5087, 20000, 17, 74, 'S구역 2', 'AVAILABLE'),
	(24, 5088, 20000, 18, 74, 'S구역 2', 'AVAILABLE'),
	(24, 5089, 20000, 19, 74, 'S구역 2', 'AVAILABLE'),
	(24, 5090, 20000, 20, 74, 'S구역 2', 'AVAILABLE'),
	(24, 5091, 20000, 21, 74, 'S구역 2', 'AVAILABLE'),
	(24, 5092, 20000, 22, 74, 'S구역 2', 'AVAILABLE'),
	(24, 5093, 20000, 23, 74, 'S구역 2', 'AVAILABLE'),
	(24, 5094, 20000, 24, 74, 'S구역 2', 'AVAILABLE'),
	(24, 5095, 20000, 25, 74, 'S구역 2', 'AVAILABLE'),
	(24, 5096, 20000, 26, 74, 'S구역 2', 'AVAILABLE'),
	(24, 5097, 20000, 27, 74, 'S구역 2', 'AVAILABLE'),
	(24, 5098, 20000, 28, 74, 'S구역 2', 'AVAILABLE'),
	(24, 5099, 20000, 29, 74, 'S구역 2', 'AVAILABLE'),
	(24, 5100, 20000, 30, 74, 'S구역 2', 'AVAILABLE'),
	(24, 5101, 15000, 1, 75, 'R구역 1', 'AVAILABLE'),
	(24, 5102, 15000, 2, 75, 'R구역 1', 'AVAILABLE'),
	(24, 5103, 15000, 3, 75, 'R구역 1', 'AVAILABLE'),
	(24, 5104, 15000, 4, 75, 'R구역 1', 'AVAILABLE'),
	(24, 5105, 15000, 5, 75, 'R구역 1', 'AVAILABLE'),
	(24, 5106, 15000, 6, 75, 'R구역 1', 'AVAILABLE'),
	(24, 5107, 15000, 7, 75, 'R구역 1', 'AVAILABLE'),
	(24, 5108, 15000, 8, 75, 'R구역 1', 'AVAILABLE'),
	(24, 5109, 15000, 9, 75, 'R구역 1', 'AVAILABLE'),
	(24, 5110, 15000, 10, 75, 'R구역 1', 'AVAILABLE'),
	(24, 5111, 15000, 11, 75, 'R구역 1', 'AVAILABLE'),
	(24, 5112, 15000, 12, 75, 'R구역 1', 'AVAILABLE'),
	(24, 5113, 15000, 13, 75, 'R구역 1', 'AVAILABLE'),
	(24, 5114, 15000, 14, 75, 'R구역 1', 'AVAILABLE'),
	(24, 5115, 15000, 15, 75, 'R구역 1', 'AVAILABLE'),
	(24, 5116, 15000, 16, 75, 'R구역 1', 'AVAILABLE'),
	(24, 5117, 15000, 17, 75, 'R구역 1', 'AVAILABLE'),
	(24, 5118, 15000, 18, 75, 'R구역 1', 'AVAILABLE'),
	(24, 5119, 15000, 19, 75, 'R구역 1', 'AVAILABLE'),
	(24, 5120, 15000, 20, 75, 'R구역 1', 'AVAILABLE'),
	(24, 5121, 15000, 21, 75, 'R구역 1', 'AVAILABLE'),
	(24, 5122, 15000, 22, 75, 'R구역 1', 'AVAILABLE'),
	(24, 5123, 15000, 23, 75, 'R구역 1', 'AVAILABLE'),
	(24, 5124, 15000, 24, 75, 'R구역 1', 'AVAILABLE'),
	(24, 5125, 15000, 25, 75, 'R구역 1', 'AVAILABLE'),
	(24, 5126, 15000, 26, 75, 'R구역 1', 'AVAILABLE'),
	(24, 5127, 15000, 27, 75, 'R구역 1', 'AVAILABLE'),
	(24, 5128, 15000, 28, 75, 'R구역 1', 'AVAILABLE'),
	(24, 5129, 15000, 29, 75, 'R구역 1', 'AVAILABLE'),
	(24, 5130, 15000, 30, 75, 'R구역 1', 'AVAILABLE'),
	(24, 5131, 15000, 1, 76, 'R구역 2', 'AVAILABLE'),
	(24, 5132, 15000, 2, 76, 'R구역 2', 'AVAILABLE'),
	(24, 5133, 15000, 3, 76, 'R구역 2', 'AVAILABLE'),
	(24, 5134, 15000, 4, 76, 'R구역 2', 'AVAILABLE'),
	(24, 5135, 15000, 5, 76, 'R구역 2', 'AVAILABLE'),
	(24, 5136, 15000, 6, 76, 'R구역 2', 'AVAILABLE'),
	(24, 5137, 15000, 7, 76, 'R구역 2', 'AVAILABLE'),
	(24, 5138, 15000, 8, 76, 'R구역 2', 'AVAILABLE'),
	(24, 5139, 15000, 9, 76, 'R구역 2', 'AVAILABLE'),
	(24, 5140, 15000, 10, 76, 'R구역 2', 'AVAILABLE'),
	(24, 5141, 15000, 11, 76, 'R구역 2', 'AVAILABLE'),
	(24, 5142, 15000, 12, 76, 'R구역 2', 'AVAILABLE'),
	(24, 5143, 15000, 13, 76, 'R구역 2', 'AVAILABLE'),
	(24, 5144, 15000, 14, 76, 'R구역 2', 'AVAILABLE'),
	(24, 5145, 15000, 15, 76, 'R구역 2', 'AVAILABLE'),
	(24, 5146, 15000, 16, 76, 'R구역 2', 'AVAILABLE'),
	(24, 5147, 15000, 17, 76, 'R구역 2', 'AVAILABLE'),
	(24, 5148, 15000, 18, 76, 'R구역 2', 'AVAILABLE'),
	(24, 5149, 15000, 19, 76, 'R구역 2', 'AVAILABLE'),
	(24, 5150, 15000, 20, 76, 'R구역 2', 'AVAILABLE'),
	(24, 5151, 15000, 21, 76, 'R구역 2', 'AVAILABLE'),
	(24, 5152, 15000, 22, 76, 'R구역 2', 'AVAILABLE'),
	(24, 5153, 15000, 23, 76, 'R구역 2', 'AVAILABLE'),
	(24, 5154, 15000, 24, 76, 'R구역 2', 'AVAILABLE'),
	(24, 5155, 15000, 25, 76, 'R구역 2', 'AVAILABLE'),
	(24, 5156, 15000, 26, 76, 'R구역 2', 'AVAILABLE'),
	(24, 5157, 15000, 27, 76, 'R구역 2', 'AVAILABLE'),
	(24, 5158, 15000, 28, 76, 'R구역 2', 'AVAILABLE'),
	(24, 5159, 15000, 29, 76, 'R구역 2', 'AVAILABLE'),
	(24, 5160, 15000, 30, 76, 'R구역 2', 'AVAILABLE'),
	(24, 5161, 15000, 1, 77, 'R구역 3', 'AVAILABLE'),
	(24, 5162, 15000, 2, 77, 'R구역 3', 'AVAILABLE'),
	(24, 5163, 15000, 3, 77, 'R구역 3', 'AVAILABLE'),
	(24, 5164, 15000, 4, 77, 'R구역 3', 'AVAILABLE'),
	(24, 5165, 15000, 5, 77, 'R구역 3', 'AVAILABLE'),
	(24, 5166, 15000, 6, 77, 'R구역 3', 'AVAILABLE'),
	(24, 5167, 15000, 7, 77, 'R구역 3', 'AVAILABLE'),
	(24, 5168, 15000, 8, 77, 'R구역 3', 'AVAILABLE'),
	(24, 5169, 15000, 9, 77, 'R구역 3', 'AVAILABLE'),
	(24, 5170, 15000, 10, 77, 'R구역 3', 'AVAILABLE'),
	(24, 5171, 15000, 11, 77, 'R구역 3', 'AVAILABLE'),
	(24, 5172, 15000, 12, 77, 'R구역 3', 'AVAILABLE'),
	(24, 5173, 15000, 13, 77, 'R구역 3', 'AVAILABLE'),
	(24, 5174, 15000, 14, 77, 'R구역 3', 'AVAILABLE'),
	(24, 5175, 15000, 15, 77, 'R구역 3', 'AVAILABLE'),
	(24, 5176, 15000, 16, 77, 'R구역 3', 'AVAILABLE'),
	(24, 5177, 15000, 17, 77, 'R구역 3', 'AVAILABLE'),
	(24, 5178, 15000, 18, 77, 'R구역 3', 'AVAILABLE'),
	(24, 5179, 15000, 19, 77, 'R구역 3', 'AVAILABLE'),
	(24, 5180, 15000, 20, 77, 'R구역 3', 'AVAILABLE'),
	(24, 5181, 15000, 21, 77, 'R구역 3', 'AVAILABLE'),
	(24, 5182, 15000, 22, 77, 'R구역 3', 'AVAILABLE'),
	(24, 5183, 15000, 23, 77, 'R구역 3', 'AVAILABLE'),
	(24, 5184, 15000, 24, 77, 'R구역 3', 'AVAILABLE'),
	(24, 5185, 15000, 25, 77, 'R구역 3', 'AVAILABLE'),
	(24, 5186, 15000, 26, 77, 'R구역 3', 'AVAILABLE'),
	(24, 5187, 15000, 27, 77, 'R구역 3', 'AVAILABLE'),
	(24, 5188, 15000, 28, 77, 'R구역 3', 'SOLD'),
	(24, 5189, 15000, 29, 77, 'R구역 3', 'AVAILABLE'),
	(24, 5190, 15000, 30, 77, 'R구역 3', 'AVAILABLE'),
	(24, 5191, 15000, 1, 78, 'R구역 4', 'AVAILABLE'),
	(24, 5192, 15000, 2, 78, 'R구역 4', 'AVAILABLE'),
	(24, 5193, 15000, 3, 78, 'R구역 4', 'AVAILABLE'),
	(24, 5194, 15000, 4, 78, 'R구역 4', 'AVAILABLE'),
	(24, 5195, 15000, 5, 78, 'R구역 4', 'AVAILABLE'),
	(24, 5196, 15000, 6, 78, 'R구역 4', 'AVAILABLE'),
	(24, 5197, 15000, 7, 78, 'R구역 4', 'AVAILABLE'),
	(24, 5198, 15000, 8, 78, 'R구역 4', 'AVAILABLE'),
	(24, 5199, 15000, 9, 78, 'R구역 4', 'AVAILABLE'),
	(24, 5200, 15000, 10, 78, 'R구역 4', 'AVAILABLE'),
	(24, 5201, 15000, 11, 78, 'R구역 4', 'AVAILABLE'),
	(24, 5202, 15000, 12, 78, 'R구역 4', 'AVAILABLE'),
	(24, 5203, 15000, 13, 78, 'R구역 4', 'AVAILABLE'),
	(24, 5204, 15000, 14, 78, 'R구역 4', 'AVAILABLE'),
	(24, 5205, 15000, 15, 78, 'R구역 4', 'AVAILABLE'),
	(24, 5206, 15000, 16, 78, 'R구역 4', 'AVAILABLE'),
	(24, 5207, 15000, 17, 78, 'R구역 4', 'AVAILABLE'),
	(24, 5208, 15000, 18, 78, 'R구역 4', 'AVAILABLE'),
	(24, 5209, 15000, 19, 78, 'R구역 4', 'AVAILABLE'),
	(24, 5210, 15000, 20, 78, 'R구역 4', 'AVAILABLE'),
	(24, 5211, 15000, 21, 78, 'R구역 4', 'AVAILABLE'),
	(24, 5212, 15000, 22, 78, 'R구역 4', 'AVAILABLE'),
	(24, 5213, 15000, 23, 78, 'R구역 4', 'AVAILABLE'),
	(24, 5214, 15000, 24, 78, 'R구역 4', 'AVAILABLE'),
	(24, 5215, 15000, 25, 78, 'R구역 4', 'AVAILABLE'),
	(24, 5216, 15000, 26, 78, 'R구역 4', 'AVAILABLE'),
	(24, 5217, 15000, 27, 78, 'R구역 4', 'AVAILABLE'),
	(24, 5218, 15000, 28, 78, 'R구역 4', 'AVAILABLE'),
	(24, 5219, 15000, 29, 78, 'R구역 4', 'AVAILABLE'),
	(24, 5220, 15000, 30, 78, 'R구역 4', 'AVAILABLE'),
	(24, 5221, 10000, 1, 79, 'W구역 1', 'AVAILABLE'),
	(24, 5222, 10000, 2, 79, 'W구역 1', 'AVAILABLE'),
	(24, 5223, 10000, 3, 79, 'W구역 1', 'AVAILABLE'),
	(24, 5224, 10000, 4, 79, 'W구역 1', 'AVAILABLE'),
	(24, 5225, 10000, 5, 79, 'W구역 1', 'AVAILABLE'),
	(24, 5226, 10000, 6, 79, 'W구역 1', 'AVAILABLE'),
	(24, 5227, 10000, 7, 79, 'W구역 1', 'AVAILABLE'),
	(24, 5228, 10000, 8, 79, 'W구역 1', 'AVAILABLE'),
	(24, 5229, 10000, 9, 79, 'W구역 1', 'AVAILABLE'),
	(24, 5230, 10000, 10, 79, 'W구역 1', 'AVAILABLE'),
	(24, 5231, 10000, 11, 79, 'W구역 1', 'AVAILABLE'),
	(24, 5232, 10000, 12, 79, 'W구역 1', 'AVAILABLE'),
	(24, 5233, 10000, 13, 79, 'W구역 1', 'AVAILABLE'),
	(24, 5234, 10000, 14, 79, 'W구역 1', 'AVAILABLE'),
	(24, 5235, 10000, 15, 79, 'W구역 1', 'AVAILABLE'),
	(24, 5236, 10000, 16, 79, 'W구역 1', 'AVAILABLE'),
	(24, 5237, 10000, 17, 79, 'W구역 1', 'AVAILABLE'),
	(24, 5238, 10000, 18, 79, 'W구역 1', 'AVAILABLE'),
	(24, 5239, 10000, 19, 79, 'W구역 1', 'AVAILABLE'),
	(24, 5240, 10000, 20, 79, 'W구역 1', 'AVAILABLE'),
	(24, 5241, 10000, 21, 79, 'W구역 1', 'AVAILABLE'),
	(24, 5242, 10000, 22, 79, 'W구역 1', 'AVAILABLE'),
	(24, 5243, 10000, 23, 79, 'W구역 1', 'AVAILABLE'),
	(24, 5244, 10000, 24, 79, 'W구역 1', 'AVAILABLE'),
	(24, 5245, 10000, 25, 79, 'W구역 1', 'AVAILABLE'),
	(24, 5246, 10000, 26, 79, 'W구역 1', 'AVAILABLE'),
	(24, 5247, 10000, 27, 79, 'W구역 1', 'AVAILABLE'),
	(24, 5248, 10000, 28, 79, 'W구역 1', 'AVAILABLE'),
	(24, 5249, 10000, 29, 79, 'W구역 1', 'AVAILABLE'),
	(24, 5250, 10000, 30, 79, 'W구역 1', 'AVAILABLE'),
	(24, 5251, 10000, 1, 80, 'W구역 2', 'AVAILABLE'),
	(24, 5252, 10000, 2, 80, 'W구역 2', 'AVAILABLE'),
	(24, 5253, 10000, 3, 80, 'W구역 2', 'AVAILABLE'),
	(24, 5254, 10000, 4, 80, 'W구역 2', 'AVAILABLE'),
	(24, 5255, 10000, 5, 80, 'W구역 2', 'AVAILABLE'),
	(24, 5256, 10000, 6, 80, 'W구역 2', 'AVAILABLE'),
	(24, 5257, 10000, 7, 80, 'W구역 2', 'AVAILABLE'),
	(24, 5258, 10000, 8, 80, 'W구역 2', 'AVAILABLE'),
	(24, 5259, 10000, 9, 80, 'W구역 2', 'AVAILABLE'),
	(24, 5260, 10000, 10, 80, 'W구역 2', 'AVAILABLE'),
	(24, 5261, 10000, 11, 80, 'W구역 2', 'AVAILABLE'),
	(24, 5262, 10000, 12, 80, 'W구역 2', 'AVAILABLE'),
	(24, 5263, 10000, 13, 80, 'W구역 2', 'AVAILABLE'),
	(24, 5264, 10000, 14, 80, 'W구역 2', 'AVAILABLE'),
	(24, 5265, 10000, 15, 80, 'W구역 2', 'AVAILABLE'),
	(24, 5266, 10000, 16, 80, 'W구역 2', 'AVAILABLE'),
	(24, 5267, 10000, 17, 80, 'W구역 2', 'AVAILABLE'),
	(24, 5268, 10000, 18, 80, 'W구역 2', 'AVAILABLE'),
	(24, 5269, 10000, 19, 80, 'W구역 2', 'AVAILABLE'),
	(24, 5270, 10000, 20, 80, 'W구역 2', 'AVAILABLE'),
	(24, 5271, 10000, 21, 80, 'W구역 2', 'AVAILABLE'),
	(24, 5272, 10000, 22, 80, 'W구역 2', 'AVAILABLE'),
	(24, 5273, 10000, 23, 80, 'W구역 2', 'AVAILABLE'),
	(24, 5274, 10000, 24, 80, 'W구역 2', 'AVAILABLE'),
	(24, 5275, 10000, 25, 80, 'W구역 2', 'AVAILABLE'),
	(24, 5276, 10000, 26, 80, 'W구역 2', 'AVAILABLE'),
	(24, 5277, 10000, 27, 80, 'W구역 2', 'AVAILABLE'),
	(24, 5278, 10000, 28, 80, 'W구역 2', 'AVAILABLE'),
	(24, 5279, 10000, 29, 80, 'W구역 2', 'AVAILABLE'),
	(24, 5280, 10000, 30, 80, 'W구역 2', 'AVAILABLE'),
	(24, 5281, 10000, 1, 81, 'E구역 1', 'AVAILABLE'),
	(24, 5282, 10000, 2, 81, 'E구역 1', 'AVAILABLE'),
	(24, 5283, 10000, 3, 81, 'E구역 1', 'AVAILABLE'),
	(24, 5284, 10000, 4, 81, 'E구역 1', 'AVAILABLE'),
	(24, 5285, 10000, 5, 81, 'E구역 1', 'AVAILABLE'),
	(24, 5286, 10000, 6, 81, 'E구역 1', 'AVAILABLE'),
	(24, 5287, 10000, 7, 81, 'E구역 1', 'AVAILABLE'),
	(24, 5288, 10000, 8, 81, 'E구역 1', 'AVAILABLE'),
	(24, 5289, 10000, 9, 81, 'E구역 1', 'AVAILABLE'),
	(24, 5290, 10000, 10, 81, 'E구역 1', 'AVAILABLE'),
	(24, 5291, 10000, 11, 81, 'E구역 1', 'AVAILABLE'),
	(24, 5292, 10000, 12, 81, 'E구역 1', 'AVAILABLE'),
	(24, 5293, 10000, 13, 81, 'E구역 1', 'AVAILABLE'),
	(24, 5294, 10000, 14, 81, 'E구역 1', 'AVAILABLE'),
	(24, 5295, 10000, 15, 81, 'E구역 1', 'AVAILABLE'),
	(24, 5296, 10000, 16, 81, 'E구역 1', 'AVAILABLE'),
	(24, 5297, 10000, 17, 81, 'E구역 1', 'AVAILABLE'),
	(24, 5298, 10000, 18, 81, 'E구역 1', 'AVAILABLE'),
	(24, 5299, 10000, 19, 81, 'E구역 1', 'AVAILABLE'),
	(24, 5300, 10000, 20, 81, 'E구역 1', 'AVAILABLE'),
	(24, 5301, 10000, 21, 81, 'E구역 1', 'AVAILABLE'),
	(24, 5302, 10000, 22, 81, 'E구역 1', 'AVAILABLE'),
	(24, 5303, 10000, 23, 81, 'E구역 1', 'AVAILABLE'),
	(24, 5304, 10000, 24, 81, 'E구역 1', 'AVAILABLE'),
	(24, 5305, 10000, 25, 81, 'E구역 1', 'AVAILABLE'),
	(24, 5306, 10000, 26, 81, 'E구역 1', 'AVAILABLE'),
	(24, 5307, 10000, 27, 81, 'E구역 1', 'AVAILABLE'),
	(24, 5308, 10000, 28, 81, 'E구역 1', 'AVAILABLE'),
	(24, 5309, 10000, 29, 81, 'E구역 1', 'AVAILABLE'),
	(24, 5310, 10000, 30, 81, 'E구역 1', 'AVAILABLE'),
	(24, 5311, 10000, 1, 82, 'E구역 2', 'AVAILABLE'),
	(24, 5312, 10000, 2, 82, 'E구역 2', 'AVAILABLE'),
	(24, 5313, 10000, 3, 82, 'E구역 2', 'AVAILABLE'),
	(24, 5314, 10000, 4, 82, 'E구역 2', 'AVAILABLE'),
	(24, 5315, 10000, 5, 82, 'E구역 2', 'AVAILABLE'),
	(24, 5316, 10000, 6, 82, 'E구역 2', 'AVAILABLE'),
	(24, 5317, 10000, 7, 82, 'E구역 2', 'AVAILABLE'),
	(24, 5318, 10000, 8, 82, 'E구역 2', 'AVAILABLE'),
	(24, 5319, 10000, 9, 82, 'E구역 2', 'AVAILABLE'),
	(24, 5320, 10000, 10, 82, 'E구역 2', 'AVAILABLE'),
	(24, 5321, 10000, 11, 82, 'E구역 2', 'AVAILABLE'),
	(24, 5322, 10000, 12, 82, 'E구역 2', 'AVAILABLE'),
	(24, 5323, 10000, 13, 82, 'E구역 2', 'AVAILABLE'),
	(24, 5324, 10000, 14, 82, 'E구역 2', 'AVAILABLE'),
	(24, 5325, 10000, 15, 82, 'E구역 2', 'AVAILABLE'),
	(24, 5326, 10000, 16, 82, 'E구역 2', 'AVAILABLE'),
	(24, 5327, 10000, 17, 82, 'E구역 2', 'AVAILABLE'),
	(24, 5328, 10000, 18, 82, 'E구역 2', 'AVAILABLE'),
	(24, 5329, 10000, 19, 82, 'E구역 2', 'AVAILABLE'),
	(24, 5330, 10000, 20, 82, 'E구역 2', 'AVAILABLE'),
	(24, 5331, 10000, 21, 82, 'E구역 2', 'AVAILABLE'),
	(24, 5332, 10000, 22, 82, 'E구역 2', 'AVAILABLE'),
	(24, 5333, 10000, 23, 82, 'E구역 2', 'AVAILABLE'),
	(24, 5334, 10000, 24, 82, 'E구역 2', 'AVAILABLE'),
	(24, 5335, 10000, 25, 82, 'E구역 2', 'AVAILABLE'),
	(24, 5336, 10000, 26, 82, 'E구역 2', 'AVAILABLE'),
	(24, 5337, 10000, 27, 82, 'E구역 2', 'AVAILABLE'),
	(24, 5338, 10000, 28, 82, 'E구역 2', 'AVAILABLE'),
	(24, 5339, 10000, 29, 82, 'E구역 2', 'AVAILABLE'),
	(24, 5340, 10000, 30, 82, 'E구역 2', 'AVAILABLE'),
	(24, 5341, 10000, 1, 83, 'E구역 3', 'AVAILABLE'),
	(24, 5342, 10000, 2, 83, 'E구역 3', 'AVAILABLE'),
	(24, 5343, 10000, 3, 83, 'E구역 3', 'AVAILABLE'),
	(24, 5344, 10000, 4, 83, 'E구역 3', 'AVAILABLE'),
	(24, 5345, 10000, 5, 83, 'E구역 3', 'AVAILABLE'),
	(24, 5346, 10000, 6, 83, 'E구역 3', 'AVAILABLE'),
	(24, 5347, 10000, 7, 83, 'E구역 3', 'AVAILABLE'),
	(24, 5348, 10000, 8, 83, 'E구역 3', 'AVAILABLE'),
	(24, 5349, 10000, 9, 83, 'E구역 3', 'AVAILABLE'),
	(24, 5350, 10000, 10, 83, 'E구역 3', 'AVAILABLE'),
	(24, 5351, 10000, 11, 83, 'E구역 3', 'AVAILABLE'),
	(24, 5352, 10000, 12, 83, 'E구역 3', 'AVAILABLE'),
	(24, 5353, 10000, 13, 83, 'E구역 3', 'AVAILABLE'),
	(24, 5354, 10000, 14, 83, 'E구역 3', 'AVAILABLE'),
	(24, 5355, 10000, 15, 83, 'E구역 3', 'AVAILABLE'),
	(24, 5356, 10000, 16, 83, 'E구역 3', 'AVAILABLE'),
	(24, 5357, 10000, 17, 83, 'E구역 3', 'AVAILABLE'),
	(24, 5358, 10000, 18, 83, 'E구역 3', 'AVAILABLE'),
	(24, 5359, 10000, 19, 83, 'E구역 3', 'AVAILABLE'),
	(24, 5360, 10000, 20, 83, 'E구역 3', 'AVAILABLE'),
	(24, 5361, 10000, 21, 83, 'E구역 3', 'AVAILABLE'),
	(24, 5362, 10000, 22, 83, 'E구역 3', 'AVAILABLE'),
	(24, 5363, 10000, 23, 83, 'E구역 3', 'AVAILABLE'),
	(24, 5364, 10000, 24, 83, 'E구역 3', 'AVAILABLE'),
	(24, 5365, 10000, 25, 83, 'E구역 3', 'AVAILABLE'),
	(24, 5366, 10000, 26, 83, 'E구역 3', 'AVAILABLE'),
	(24, 5367, 10000, 27, 83, 'E구역 3', 'AVAILABLE'),
	(24, 5368, 10000, 28, 83, 'E구역 3', 'AVAILABLE'),
	(24, 5369, 10000, 29, 83, 'E구역 3', 'AVAILABLE'),
	(24, 5370, 10000, 30, 83, 'E구역 3', 'AVAILABLE'),
	(24, 5371, 10000, 1, 84, 'E구역 4', 'AVAILABLE'),
	(24, 5372, 10000, 2, 84, 'E구역 4', 'AVAILABLE'),
	(24, 5373, 10000, 3, 84, 'E구역 4', 'AVAILABLE'),
	(24, 5374, 10000, 4, 84, 'E구역 4', 'AVAILABLE'),
	(24, 5375, 10000, 5, 84, 'E구역 4', 'AVAILABLE'),
	(24, 5376, 10000, 6, 84, 'E구역 4', 'AVAILABLE'),
	(24, 5377, 10000, 7, 84, 'E구역 4', 'AVAILABLE'),
	(24, 5378, 10000, 8, 84, 'E구역 4', 'AVAILABLE'),
	(24, 5379, 10000, 9, 84, 'E구역 4', 'AVAILABLE'),
	(24, 5380, 10000, 10, 84, 'E구역 4', 'AVAILABLE'),
	(24, 5381, 10000, 11, 84, 'E구역 4', 'AVAILABLE'),
	(24, 5382, 10000, 12, 84, 'E구역 4', 'AVAILABLE'),
	(24, 5383, 10000, 13, 84, 'E구역 4', 'AVAILABLE'),
	(24, 5384, 10000, 14, 84, 'E구역 4', 'AVAILABLE'),
	(24, 5385, 10000, 15, 84, 'E구역 4', 'AVAILABLE'),
	(24, 5386, 10000, 16, 84, 'E구역 4', 'AVAILABLE'),
	(24, 5387, 10000, 17, 84, 'E구역 4', 'AVAILABLE'),
	(24, 5388, 10000, 18, 84, 'E구역 4', 'AVAILABLE'),
	(24, 5389, 10000, 19, 84, 'E구역 4', 'AVAILABLE'),
	(24, 5390, 10000, 20, 84, 'E구역 4', 'AVAILABLE'),
	(24, 5391, 10000, 21, 84, 'E구역 4', 'AVAILABLE'),
	(24, 5392, 10000, 22, 84, 'E구역 4', 'AVAILABLE'),
	(24, 5393, 10000, 23, 84, 'E구역 4', 'AVAILABLE'),
	(24, 5394, 10000, 24, 84, 'E구역 4', 'AVAILABLE'),
	(24, 5395, 10000, 25, 84, 'E구역 4', 'AVAILABLE'),
	(24, 5396, 10000, 26, 84, 'E구역 4', 'AVAILABLE'),
	(24, 5397, 10000, 27, 84, 'E구역 4', 'AVAILABLE'),
	(24, 5398, 10000, 28, 84, 'E구역 4', 'AVAILABLE'),
	(24, 5399, 10000, 29, 84, 'E구역 4', 'AVAILABLE'),
	(24, 5400, 10000, 30, 84, 'E구역 4', 'AVAILABLE');

-- 테이블 STICKEY.notify 구조 내보내기
CREATE TABLE IF NOT EXISTS `notify` (
  `id` int NOT NULL AUTO_INCREMENT,
  `user_id` int DEFAULT NULL,
  `created_at` datetime(6) DEFAULT NULL,
  `content` varchar(255) COLLATE utf8mb4_bin DEFAULT NULL,
  `notification_type` enum('TICKET','GAME','APPROVE') COLLATE utf8mb4_bin DEFAULT NULL,
  PRIMARY KEY (`id`),
  KEY `FKfbw0pi68o4g3n1whir7ig8q9f` (`user_id`),
  CONSTRAINT `FKfbw0pi68o4g3n1whir7ig8q9f` FOREIGN KEY (`user_id`) REFERENCES `user` (`id`) ON DELETE CASCADE
) ENGINE=InnoDB AUTO_INCREMENT=52 DEFAULT CHARSET=utf8mb4 COLLATE=utf8mb4_bin;

-- 테이블 데이터 STICKEY.notify:~25 rows (대략적) 내보내기
INSERT INTO `notify` (`id`, `user_id`, `created_at`, `content`, `notification_type`) VALUES
	(1, 7, '2024-04-02 10:48:58.289798', '가입이 승인 되었습니다. ', 'APPROVE'),
	(2, 8, '2024-04-02 11:09:12.686281', '가입이 거절 되었습니다. 가입 정보를 보완해주세요.', 'APPROVE'),
	(3, 6, '2024-04-02 13:05:22.824436', '가입이 승인 되었습니다. ', 'APPROVE'),
	(4, 9, '2024-04-02 13:05:26.516846', '가입이 승인 되었습니다. ', 'APPROVE'),
	(5, 10, '2024-04-02 13:05:28.759337', '가입이 승인 되었습니다. ', 'APPROVE'),
	(6, 6, '2024-04-02 13:08:23.762712', '가입이 승인 되었습니다. ', 'APPROVE'),
	(7, 7, '2024-04-02 13:14:12.222643', '후원글 등록이 거절 되었습니다.', 'APPROVE'),
	(8, 6, '2024-04-02 13:27:24.571074', '가입이 승인 되었습니다. ', 'APPROVE'),
	(9, 9, '2024-04-02 13:54:14.070039', '후원글 등록이 승인 되었습니다.', 'APPROVE'),
	(10, 10, '2024-04-02 14:03:03.286221', '후원글 등록이 승인 되었습니다.', 'APPROVE'),
	(11, 7, '2024-04-02 14:10:52.398149', '후원글 등록이 승인 되었습니다.', 'APPROVE'),
	(12, 14, '2024-04-02 14:34:08.471847', '가입이 승인 되었습니다. ', 'APPROVE'),
	(13, 14, '2024-04-02 14:48:24.720663', '후원글 등록이 승인 되었습니다.', 'APPROVE'),
	(14, 13, '2024-04-03 10:35:04.658267', '인천 유나이티드 vs 제주 유나이티드 : 선호 구단의 예매가 예정되어있습니다. 지금 확인해보세요!', 'GAME'),
	(15, 13, '2024-04-03 10:40:04.632044', '인천 유나이티드 vs 제주 유나이티드 : 선호 구단의 예매가 예정되어있습니다. 지금 확인해보세요!', 'GAME'),
	(16, 13, '2024-04-03 10:45:04.631481', '인천 유나이티드 vs 제주 유나이티드 : 선호 구단의 예매가 예정되어있습니다. 지금 확인해보세요!', 'GAME'),
	(17, 13, '2024-04-03 10:50:04.632751', '인천 유나이티드 vs 제주 유나이티드 : 선호 구단의 예매가 예정되어있습니다. 지금 확인해보세요!', 'GAME'),
	(18, 13, '2024-04-03 10:55:04.631281', '인천 유나이티드 vs 제주 유나이티드 : 선호 구단의 예매가 예정되어있습니다. 지금 확인해보세요!', 'GAME'),
	(19, 13, '2024-04-03 11:05:04.631270', '인천 유나이티드 vs 제주 유나이티드 : 선호 구단의 예매가 예정되어있습니다. 지금 확인해보세요!', 'GAME'),
	(20, 11, '2024-04-03 11:05:04.646508', '인천 유나이티드 vs 제주 유나이티드 : 선호 구단의 예매가 예정되어있습니다. 지금 확인해보세요!', 'GAME'),
	(21, 13, '2024-04-03 11:10:04.630958', '인천 유나이티드 vs 제주 유나이티드 : 선호 구단의 예매가 예정되어있습니다. 지금 확인해보세요!', 'GAME'),
	(22, 11, '2024-04-03 11:10:04.641060', '인천 유나이티드 vs 제주 유나이티드 : 선호 구단의 예매가 예정되어있습니다. 지금 확인해보세요!', 'GAME'),
	(51, 14, '2024-04-04 03:42:07.042488', '가입이 승인 되었습니다. ', 'APPROVE');

-- 테이블 STICKEY.organization 구조 내보내기
CREATE TABLE IF NOT EXISTS `organization` (
  `id` int NOT NULL,
  `address` varchar(255) COLLATE utf8mb4_bin DEFAULT NULL,
  `manager` varchar(255) COLLATE utf8mb4_bin DEFAULT NULL,
  `message` varchar(255) COLLATE utf8mb4_bin DEFAULT NULL,
  `registration_file` varchar(255) COLLATE utf8mb4_bin DEFAULT NULL,
  `registration_number` varchar(255) COLLATE utf8mb4_bin DEFAULT NULL,
  `status` enum('WAITING','REJECTED','ACCEPTED') COLLATE utf8mb4_bin DEFAULT NULL,
  `wallet` varchar(255) COLLATE utf8mb4_bin DEFAULT NULL,
  PRIMARY KEY (`id`),
  CONSTRAINT `FKnch8p5lb2ypubn4pdi4ikcacq` FOREIGN KEY (`id`) REFERENCES `user` (`id`)
) ENGINE=InnoDB DEFAULT CHARSET=utf8mb4 COLLATE=utf8mb4_bin;

-- 테이블 데이터 STICKEY.organization:~8 rows (대략적) 내보내기
INSERT INTO `organization` (`id`, `address`, `manager`, `message`, `registration_file`, `registration_number`, `status`, `wallet`) VALUES
	(6, '서울특별시 은평구 응암동 111-61 백명트랜디A동 304호 (은평로88)', '유명한', NULL, 'https://d3rz04d93vngvv.cloudfront.net/organization/registration/2024_04_02_103894_한국유소년축구연맹.png', '033-81-98865', 'ACCEPTED', '0x7175e6a27A06634bf866d56696A24586d8Fb97a1'),
	(7, '경북 구미시 3공단1로 191 (진평동, 동락공원)', '최부광', NULL, 'https://d3rz04d93vngvv.cloudfront.net/organization/registration/2024_04_02_104573_사업자등록증.jpg', '798-8532-0101', 'ACCEPTED', '0x7175e6a27A06634bf866d56696A24586d8Fb97a1'),
	(8, '경북 구미시 인동2길 14-3 (진평동)', '전찬혁', '올바른 단체명을 기입해주세요', 'https://d3rz04d93vngvv.cloudfront.net/organization/registration/2024_04_02_104943_240326_출결확인서_강정수[구미2반].docx', '123-1234-1234', 'REJECTED', '0x7175e6a27A06634bf866d56696A24586d8Fb97a1'),
	(9, '서울특별시 송파구 올림픽로 424(방이동 88) 올림픽공원 내 테니스경기장', '한대학', NULL, 'https://d3rz04d93vngvv.cloudfront.net/organization/registration/2024_04_02_105373_한국대학스포츠.png', '033-81-98875', 'ACCEPTED', '0x7175e6a27A06634bf866d56696A24586d8Fb97a1'),
	(10, '경상북도 경산시 경산로 44길 7', '강구미', NULL, 'https://d3rz04d93vngvv.cloudfront.net/organization/registration/2024_04_02_110127_경북.png', '033-81-98879', 'ACCEPTED', '0x7175e6a27A06634bf866d56696A24586d8Fb97a1'),
	(14, '경북 구미시 인동2길 14-3 (진평동)', '강정수', NULL, 'https://d3rz04d93vngvv.cloudfront.net/organization/registration/2024_04_02_142377_image (5).png', '000-1111-2222', 'ACCEPTED', '0x7175e6a27A06634bf866d56696A24586d8Fb97a1'),
	(16, '부산 동래구 충렬로 23', '정여진', NULL, 'https://d3rz04d93vngvv.cloudfront.net/organization/registration/2024_04_03_205558_사업자등록증.jpg', '012-9856-7412', 'WAITING', 'string'),
	(17, '대전 유성구 궁동 2길', '김민석', NULL, 'https://d3rz04d93vngvv.cloudfront.net/organization/registration/2024_04_03_205643_사업자등록증.jpg', '012-9856-7412', 'WAITING', 'string');

-- 테이블 STICKEY.player 구조 내보내기
CREATE TABLE IF NOT EXISTS `player` (
  `birth` date DEFAULT NULL,
  `id` int NOT NULL AUTO_INCREMENT,
  `organization_id` int DEFAULT NULL,
  `category` varchar(255) COLLATE utf8mb4_bin DEFAULT NULL,
  `description` varchar(255) COLLATE utf8mb4_bin DEFAULT NULL,
  `name` varchar(255) COLLATE utf8mb4_bin DEFAULT NULL,
  `profile` varchar(255) COLLATE utf8mb4_bin DEFAULT NULL,
  PRIMARY KEY (`id`),
  KEY `FKp0arflvdl5s9wn4tes8w559xm` (`organization_id`),
  CONSTRAINT `FKp0arflvdl5s9wn4tes8w559xm` FOREIGN KEY (`organization_id`) REFERENCES `organization` (`id`)
) ENGINE=InnoDB AUTO_INCREMENT=10 DEFAULT CHARSET=utf8mb4 COLLATE=utf8mb4_bin;

-- 테이블 데이터 STICKEY.player:~8 rows (대략적) 내보내기
INSERT INTO `player` (`birth`, `id`, `organization_id`, `category`, `description`, `name`, `profile`) VALUES
	('2008-06-02', 1, 7, '축구', '열정과 긍정적인 에너지로 팀원들에게 영감을 주고, 모든 이들이 포기하지 않도록 격려합니다', '김수한', 'https://d3rz04d93vngvv.cloudfront.net/organization/player/2024_04_02_105675_football-player.png'),
	('2006-02-23', 2, 7, '축구', '가벼운 발놀림과 빠른 스피드는 마치 하늘을 나는 듯한 착각을 일으킵니다.', '최하율', 'https://d3rz04d93vngvv.cloudfront.net/organization/player/2024_04_02_105892_free-icon-man-1845783.png'),
	('2008-12-25', 3, 7, '축구', '파워풀한 슛과 돌파로 게임의 흐름을 바꾸는 결정적인 순간들을 만들어냅니다.', '박수찬', 'https://d3rz04d93vngvv.cloudfront.net/organization/player/2024_04_02_105928_free-icon-soccer-player-2348811.png'),
	('2007-07-23', 4, 9, '검도', '검도 분야에서 주목받는 유망주로, 젊은 나이에 뛰어난 기량을 보여주고 있습니다. 검도는 정신력과 체력을 모두 요구하는 무도이며, 박강한 선수는 이 분야에서 앞으로 크게 성장할 것으로 기대됩니다.', '박강한', 'https://d3rz04d93vngvv.cloudfront.net/organization/player/2024_04_02_131814_free-icon-kendo-2072362.png'),
	('2008-03-09', 5, 9, '수영', '수영은 극한의 체력과 집중력을 요구하며, 박하나 선수는 어린 나이에도 불구하고 뛰어난 성적을 내며 잠재력을 드러내고 있습니다.', '정하나', 'https://d3rz04d93vngvv.cloudfront.net/organization/player/2024_04_02_132477_free-icon-swimmer-1499918.png'),
	('2010-04-27', 6, 9, '펜싱', '펜싱은 전략적 사고와 빠른 반응 속도를 요구하는 스포츠로, 김은호 선수는 이러한 능력을 겸비하고 있어 향후 크게 성장할 것으로 예상됩니다.', '김은호', 'https://d3rz04d93vngvv.cloudfront.net/organization/player/2024_04_02_132792_free-icon-fencing-7492454.png'),
	('2013-01-13', 7, 10, '야구', '뛰어난 구속과 정교한 제구력을 겸비한 우완 투수입니다.', '송경진', 'https://d3rz04d93vngvv.cloudfront.net/organization/player/2024_04_02_134208_free-icon-baseball-player-1240446.png'),
	('2009-10-13', 8, 10, '야구', '뛰어난 게임 리딩과 정확한 송구 능력을 겸비한 포수입니다.', '정태영', 'https://d3rz04d93vngvv.cloudfront.net/organization/player/2024_04_02_134336_free-icon-baseball-player-2348728.png'),
	('2009-07-18', 9, 10, '야구', '탁월한 타격 감각과 파워를 자랑하는 좌타자로, 중심 타선의 핵심 선수로 성장하고 있습니다.', '권지영', 'https://d3rz04d93vngvv.cloudfront.net/organization/player/2024_04_02_134492_free-icon-baseball-player-1193248.png');

-- 테이블 STICKEY.preference 구조 내보내기
CREATE TABLE IF NOT EXISTS `preference` (
  `id` int NOT NULL AUTO_INCREMENT,
  `sports_club_id` int DEFAULT NULL,
  `user_id` int DEFAULT NULL,
  PRIMARY KEY (`id`),
  KEY `FKer6216rlnywvkexqj5hgayxnh` (`sports_club_id`),
  KEY `FKsv3xgeggccs516fm0ng21o1t0` (`user_id`),
  CONSTRAINT `FKer6216rlnywvkexqj5hgayxnh` FOREIGN KEY (`sports_club_id`) REFERENCES `sports_club` (`id`),
  CONSTRAINT `FKsv3xgeggccs516fm0ng21o1t0` FOREIGN KEY (`user_id`) REFERENCES `user` (`id`)
) ENGINE=InnoDB AUTO_INCREMENT=38 DEFAULT CHARSET=utf8mb4 COLLATE=utf8mb4_bin;

-- 테이블 데이터 STICKEY.preference:~15 rows (대략적) 내보내기
INSERT INTO `preference` (`id`, `sports_club_id`, `user_id`) VALUES
	(6, 24, 12),
	(7, 2, 12),
	(8, 12, 12),
	(20, 4, 15),
	(21, 31, 15),
	(22, 13, 15),
	(25, 3, 13),
	(26, 4, 13),
	(27, 2, 5),
	(32, 12, 3),
	(33, 1, 3),
	(34, 4, 11),
	(35, 1, 11),
	(36, 15, 20),
	(37, 27, 20);

-- 테이블 STICKEY.sports_club 구조 내보내기
CREATE TABLE IF NOT EXISTS `sports_club` (
  `id` int NOT NULL AUTO_INCREMENT,
  `logo` varchar(255) COLLATE utf8mb4_bin DEFAULT NULL,
  `name` varchar(255) COLLATE utf8mb4_bin DEFAULT NULL,
  `category` enum('SOCCER','BASEBALL','BASKETBALL') COLLATE utf8mb4_bin DEFAULT NULL,
  PRIMARY KEY (`id`)
) ENGINE=InnoDB AUTO_INCREMENT=33 DEFAULT CHARSET=utf8mb4 COLLATE=utf8mb4_bin;

-- 테이블 데이터 STICKEY.sports_club:~32 rows (대략적) 내보내기
INSERT INTO `sports_club` (`id`, `logo`, `name`, `category`) VALUES
	(1, 'https://d3rz04d93vngvv.cloudfront.net/sportsClub/emblem_K01%402x.png', '울산 HD FC', 'SOCCER'),
	(2, 'https://d3rz04d93vngvv.cloudfront.net/sportsClub/emblem_K03%402x.png', '포항 스틸러스', 'SOCCER'),
	(3, 'https://d3rz04d93vngvv.cloudfront.net/sportsClub/emblem_K04%402x.png', '제주 유나이티드', 'SOCCER'),
	(4, 'https://d3rz04d93vngvv.cloudfront.net/sportsClub/emblem_K09%402x.png', 'FC 서울', 'SOCCER'),
	(5, 'https://d3rz04d93vngvv.cloudfront.net/sportsClub/emblem_K10%402x.png', '대전 하나', 'SOCCER'),
	(6, 'https://d3rz04d93vngvv.cloudfront.net/sportsClub/emblem_K18%402x.png', '인천 UTD', 'SOCCER'),
	(7, 'https://d3rz04d93vngvv.cloudfront.net/sportsClub/emblem_K05%402x.png', '전북 현대 모터스', 'SOCCER'),
	(8, 'https://d3rz04d93vngvv.cloudfront.net/sportsClub/emblem_K21%402x.png', '강원 FC', 'SOCCER'),
	(9, 'https://d3rz04d93vngvv.cloudfront.net/sportsClub/emblem_K22%402x.png', '광주 FC', 'SOCCER'),
	(10, 'https://d3rz04d93vngvv.cloudfront.net/sportsClub/emblem_K29%402x.png', '수원 FC', 'SOCCER'),
	(11, 'https://d3rz04d93vngvv.cloudfront.net/sportsClub/emblem_K35%402x.png', '김천 상무 프로축구단', 'SOCCER'),
	(12, 'https://d3rz04d93vngvv.cloudfront.net/sportsClub/emblem_K17%402x.png', '대구 FC', 'SOCCER'),
	(13, 'https://d3rz04d93vngvv.cloudfront.net/sportsClub/db-emblem-img.png', '원주 DB', 'BASKETBALL'),
	(14, 'https://d3rz04d93vngvv.cloudfront.net/sportsClub/kt-emblem-img.png', '수원 KT', 'BASKETBALL'),
	(15, 'https://d3rz04d93vngvv.cloudfront.net/sportsClub/lg-emblem-img.png', '창원 LG', 'BASKETBALL'),
	(16, 'https://d3rz04d93vngvv.cloudfront.net/sportsClub/sk-emblem-img.png', '서울 SK', 'BASKETBALL'),
	(17, 'https://d3rz04d93vngvv.cloudfront.net/sportsClub/kcc-emblem-img.png', '부산 KCC', 'BASKETBALL'),
	(18, 'https://d3rz04d93vngvv.cloudfront.net/sportsClub/hd-emblem-img.png', '울산 현대모비스', 'BASKETBALL'),
	(19, 'https://d3rz04d93vngvv.cloudfront.net/sportsClub/kgc-emblem-img.png', '대구 한국가스공사', 'BASKETBALL'),
	(20, 'https://d3rz04d93vngvv.cloudfront.net/sportsClub/sn-emblem-img.png', '고양 소노', 'BASKETBALL'),
	(21, 'https://d3rz04d93vngvv.cloudfront.net/sportsClub/el-emblem-img.png', '안양 정관장', 'BASKETBALL'),
	(22, 'https://d3rz04d93vngvv.cloudfront.net/sportsClub/ss-emblem-img.png', '서울 삼성', 'BASKETBALL'),
	(23, 'https://d3rz04d93vngvv.cloudfront.net/sportsClub/bs_ds_emblem.png', '두산 베어스', 'BASEBALL'),
	(24, 'https://d3rz04d93vngvv.cloudfront.net/sportsClub/bs-04-removebg-preview.png', '삼성 라이온즈', 'BASEBALL'),
	(25, 'https://d3rz04d93vngvv.cloudfront.net/sportsClub/bs_ssg_emblem-removebg-preview.png', 'SSG 랜더스', 'BASEBALL'),
	(26, 'https://d3rz04d93vngvv.cloudfront.net/sportsClub/bs_nc_emblem-removebg-preview.png', 'NC 다이노스', 'BASEBALL'),
	(27, 'https://d3rz04d93vngvv.cloudfront.net/sportsClub/bs_lt_emblem-removebg-preview.png', '롯데 자이언츠', 'BASEBALL'),
	(28, 'https://d3rz04d93vngvv.cloudfront.net/sportsClub/bs_lg_emblem-removebg-preview.png', 'LG 트윈스', 'BASEBALL'),
	(29, 'https://d3rz04d93vngvv.cloudfront.net/sportsClub/bs_kw_emblem-removebg-preview.png', '키움 히어로즈', 'BASEBALL'),
	(30, 'https://d3rz04d93vngvv.cloudfront.net/sportsClub/bs_kt_emblem-removebg-preview.png', 'KT 위즈', 'BASEBALL'),
	(31, 'https://d3rz04d93vngvv.cloudfront.net/sportsClub/bs_hw_emblem-removebg-preview.png', '한화 이글스', 'BASEBALL'),
	(32, 'https://d3rz04d93vngvv.cloudfront.net/sportsClub/bs_kia_emblem-removebg-preview.png', 'KIA 타이거즈', 'BASEBALL');

-- 테이블 STICKEY.stadium 구조 내보내기
CREATE TABLE IF NOT EXISTS `stadium` (
  `id` int NOT NULL AUTO_INCREMENT,
  `name` varchar(255) COLLATE utf8mb4_bin DEFAULT NULL,
  `region` varchar(255) COLLATE utf8mb4_bin DEFAULT NULL,
  PRIMARY KEY (`id`)
) ENGINE=InnoDB AUTO_INCREMENT=10 DEFAULT CHARSET=utf8mb4 COLLATE=utf8mb4_bin;

-- 테이블 데이터 STICKEY.stadium:~9 rows (대략적) 내보내기
INSERT INTO `stadium` (`id`, `name`, `region`) VALUES
	(1, '서울월드컵경기장', '서울'),
	(2, '수원월드컵경기장', '수원'),
	(3, 'DGB대구은행파크', '대구'),
	(4, '전주월드컵경기장', '전북'),
	(5, '사직야구장', '부산'),
	(6, '대전월드컵경기장', '대전'),
	(7, '울산문수축구경기장', '울산'),
	(8, '인천축구전용경기장', '인천'),
	(9, '김천종합운동장', '김천');

-- 테이블 STICKEY.stadium_seat 구조 내보내기
CREATE TABLE IF NOT EXISTS `stadium_seat` (
  `seat_id` int NOT NULL,
  `zone_id` int NOT NULL,
  PRIMARY KEY (`seat_id`,`zone_id`),
  KEY `FKbskgosjthb8ctu1n65sdhu6ud` (`zone_id`),
  CONSTRAINT `FKbskgosjthb8ctu1n65sdhu6ud` FOREIGN KEY (`zone_id`) REFERENCES `stadium_zone` (`id`)
) ENGINE=InnoDB DEFAULT CHARSET=utf8mb4 COLLATE=utf8mb4_bin;

-- 테이블 데이터 STICKEY.stadium_seat:~3,240 rows (대략적) 내보내기
INSERT INTO `stadium_seat` (`seat_id`, `zone_id`) VALUES
	(1, 1),
	(2, 1),
	(3, 1),
	(4, 1),
	(5, 1),
	(6, 1),
	(7, 1),
	(8, 1),
	(9, 1),
	(10, 1),
	(11, 1),
	(12, 1),
	(13, 1),
	(14, 1),
	(15, 1),
	(16, 1),
	(17, 1),
	(18, 1),
	(19, 1),
	(20, 1),
	(21, 1),
	(22, 1),
	(23, 1),
	(24, 1),
	(25, 1),
	(26, 1),
	(27, 1),
	(28, 1),
	(29, 1),
	(30, 1),
	(1, 2),
	(2, 2),
	(3, 2),
	(4, 2),
	(5, 2),
	(6, 2),
	(7, 2),
	(8, 2),
	(9, 2),
	(10, 2),
	(11, 2),
	(12, 2),
	(13, 2),
	(14, 2),
	(15, 2),
	(16, 2),
	(17, 2),
	(18, 2),
	(19, 2),
	(20, 2),
	(21, 2),
	(22, 2),
	(23, 2),
	(24, 2),
	(25, 2),
	(26, 2),
	(27, 2),
	(28, 2),
	(29, 2),
	(30, 2),
	(1, 3),
	(2, 3),
	(3, 3),
	(4, 3),
	(5, 3),
	(6, 3),
	(7, 3),
	(8, 3),
	(9, 3),
	(10, 3),
	(11, 3),
	(12, 3),
	(13, 3),
	(14, 3),
	(15, 3),
	(16, 3),
	(17, 3),
	(18, 3),
	(19, 3),
	(20, 3),
	(21, 3),
	(22, 3),
	(23, 3),
	(24, 3),
	(25, 3),
	(26, 3),
	(27, 3),
	(28, 3),
	(29, 3),
	(30, 3),
	(1, 4),
	(2, 4),
	(3, 4),
	(4, 4),
	(5, 4),
	(6, 4),
	(7, 4),
	(8, 4),
	(9, 4),
	(10, 4),
	(11, 4),
	(12, 4),
	(13, 4),
	(14, 4),
	(15, 4),
	(16, 4),
	(17, 4),
	(18, 4),
	(19, 4),
	(20, 4),
	(21, 4),
	(22, 4),
	(23, 4),
	(24, 4),
	(25, 4),
	(26, 4),
	(27, 4),
	(28, 4),
	(29, 4),
	(30, 4),
	(1, 5),
	(2, 5),
	(3, 5),
	(4, 5),
	(5, 5),
	(6, 5),
	(7, 5),
	(8, 5),
	(9, 5),
	(10, 5),
	(11, 5),
	(12, 5),
	(13, 5),
	(14, 5),
	(15, 5),
	(16, 5),
	(17, 5),
	(18, 5),
	(19, 5),
	(20, 5),
	(21, 5),
	(22, 5),
	(23, 5),
	(24, 5),
	(25, 5),
	(26, 5),
	(27, 5),
	(28, 5),
	(29, 5),
	(30, 5),
	(1, 6),
	(2, 6),
	(3, 6),
	(4, 6),
	(5, 6),
	(6, 6),
	(7, 6),
	(8, 6),
	(9, 6),
	(10, 6),
	(11, 6),
	(12, 6),
	(13, 6),
	(14, 6),
	(15, 6),
	(16, 6),
	(17, 6),
	(18, 6),
	(19, 6),
	(20, 6),
	(21, 6),
	(22, 6),
	(23, 6),
	(24, 6),
	(25, 6),
	(26, 6),
	(27, 6),
	(28, 6),
	(29, 6),
	(30, 6),
	(1, 7),
	(2, 7),
	(3, 7),
	(4, 7),
	(5, 7),
	(6, 7),
	(7, 7),
	(8, 7),
	(9, 7),
	(10, 7),
	(11, 7),
	(12, 7),
	(13, 7),
	(14, 7),
	(15, 7),
	(16, 7),
	(17, 7),
	(18, 7),
	(19, 7),
	(20, 7),
	(21, 7),
	(22, 7),
	(23, 7),
	(24, 7),
	(25, 7),
	(26, 7),
	(27, 7),
	(28, 7),
	(29, 7),
	(30, 7),
	(1, 8),
	(2, 8),
	(3, 8),
	(4, 8),
	(5, 8),
	(6, 8),
	(7, 8),
	(8, 8),
	(9, 8),
	(10, 8),
	(11, 8),
	(12, 8),
	(13, 8),
	(14, 8),
	(15, 8),
	(16, 8),
	(17, 8),
	(18, 8),
	(19, 8),
	(20, 8),
	(21, 8),
	(22, 8),
	(23, 8),
	(24, 8),
	(25, 8),
	(26, 8),
	(27, 8),
	(28, 8),
	(29, 8),
	(30, 8),
	(1, 9),
	(2, 9),
	(3, 9),
	(4, 9),
	(5, 9),
	(6, 9),
	(7, 9),
	(8, 9),
	(9, 9),
	(10, 9),
	(11, 9),
	(12, 9),
	(13, 9),
	(14, 9),
	(15, 9),
	(16, 9),
	(17, 9),
	(18, 9),
	(19, 9),
	(20, 9),
	(21, 9),
	(22, 9),
	(23, 9),
	(24, 9),
	(25, 9),
	(26, 9),
	(27, 9),
	(28, 9),
	(29, 9),
	(30, 9),
	(1, 10),
	(2, 10),
	(3, 10),
	(4, 10),
	(5, 10),
	(6, 10),
	(7, 10),
	(8, 10),
	(9, 10),
	(10, 10),
	(11, 10),
	(12, 10),
	(13, 10),
	(14, 10),
	(15, 10),
	(16, 10),
	(17, 10),
	(18, 10),
	(19, 10),
	(20, 10),
	(21, 10),
	(22, 10),
	(23, 10),
	(24, 10),
	(25, 10),
	(26, 10),
	(27, 10),
	(28, 10),
	(29, 10),
	(30, 10),
	(1, 11),
	(2, 11),
	(3, 11),
	(4, 11),
	(5, 11),
	(6, 11),
	(7, 11),
	(8, 11),
	(9, 11),
	(10, 11),
	(11, 11),
	(12, 11),
	(13, 11),
	(14, 11),
	(15, 11),
	(16, 11),
	(17, 11),
	(18, 11),
	(19, 11),
	(20, 11),
	(21, 11),
	(22, 11),
	(23, 11),
	(24, 11),
	(25, 11),
	(26, 11),
	(27, 11),
	(28, 11),
	(29, 11),
	(30, 11),
	(1, 12),
	(2, 12),
	(3, 12),
	(4, 12),
	(5, 12),
	(6, 12),
	(7, 12),
	(8, 12),
	(9, 12),
	(10, 12),
	(11, 12),
	(12, 12),
	(13, 12),
	(14, 12),
	(15, 12),
	(16, 12),
	(17, 12),
	(18, 12),
	(19, 12),
	(20, 12),
	(21, 12),
	(22, 12),
	(23, 12),
	(24, 12),
	(25, 12),
	(26, 12),
	(27, 12),
	(28, 12),
	(29, 12),
	(30, 12),
	(1, 13),
	(2, 13),
	(3, 13),
	(4, 13),
	(5, 13),
	(6, 13),
	(7, 13),
	(8, 13),
	(9, 13),
	(10, 13),
	(11, 13),
	(12, 13),
	(13, 13),
	(14, 13),
	(15, 13),
	(16, 13),
	(17, 13),
	(18, 13),
	(19, 13),
	(20, 13),
	(21, 13),
	(22, 13),
	(23, 13),
	(24, 13),
	(25, 13),
	(26, 13),
	(27, 13),
	(28, 13),
	(29, 13),
	(30, 13),
	(1, 14),
	(2, 14),
	(3, 14),
	(4, 14),
	(5, 14),
	(6, 14),
	(7, 14),
	(8, 14),
	(9, 14),
	(10, 14),
	(11, 14),
	(12, 14),
	(13, 14),
	(14, 14),
	(15, 14),
	(16, 14),
	(17, 14),
	(18, 14),
	(19, 14),
	(20, 14),
	(21, 14),
	(22, 14),
	(23, 14),
	(24, 14),
	(25, 14),
	(26, 14),
	(27, 14),
	(28, 14),
	(29, 14),
	(30, 14),
	(1, 15),
	(2, 15),
	(3, 15),
	(4, 15),
	(5, 15),
	(6, 15),
	(7, 15),
	(8, 15),
	(9, 15),
	(10, 15),
	(11, 15),
	(12, 15),
	(13, 15),
	(14, 15),
	(15, 15),
	(16, 15),
	(17, 15),
	(18, 15),
	(19, 15),
	(20, 15),
	(21, 15),
	(22, 15),
	(23, 15),
	(24, 15),
	(25, 15),
	(26, 15),
	(27, 15),
	(28, 15),
	(29, 15),
	(30, 15),
	(1, 16),
	(2, 16),
	(3, 16),
	(4, 16),
	(5, 16),
	(6, 16),
	(7, 16),
	(8, 16),
	(9, 16),
	(10, 16),
	(11, 16),
	(12, 16),
	(13, 16),
	(14, 16),
	(15, 16),
	(16, 16),
	(17, 16),
	(18, 16),
	(19, 16),
	(20, 16),
	(21, 16),
	(22, 16),
	(23, 16),
	(24, 16),
	(25, 16),
	(26, 16),
	(27, 16),
	(28, 16),
	(29, 16),
	(30, 16),
	(1, 17),
	(2, 17),
	(3, 17),
	(4, 17),
	(5, 17),
	(6, 17),
	(7, 17),
	(8, 17),
	(9, 17),
	(10, 17),
	(11, 17),
	(12, 17),
	(13, 17),
	(14, 17),
	(15, 17),
	(16, 17),
	(17, 17),
	(18, 17),
	(19, 17),
	(20, 17),
	(21, 17),
	(22, 17),
	(23, 17),
	(24, 17),
	(25, 17),
	(26, 17),
	(27, 17),
	(28, 17),
	(29, 17),
	(30, 17),
	(1, 18),
	(2, 18),
	(3, 18),
	(4, 18),
	(5, 18),
	(6, 18),
	(7, 18),
	(8, 18),
	(9, 18),
	(10, 18),
	(11, 18),
	(12, 18),
	(13, 18),
	(14, 18),
	(15, 18),
	(16, 18),
	(17, 18),
	(18, 18),
	(19, 18),
	(20, 18),
	(21, 18),
	(22, 18),
	(23, 18),
	(24, 18),
	(25, 18),
	(26, 18),
	(27, 18),
	(28, 18),
	(29, 18),
	(30, 18),
	(1, 19),
	(2, 19),
	(3, 19),
	(4, 19),
	(5, 19),
	(6, 19),
	(7, 19),
	(8, 19),
	(9, 19),
	(10, 19),
	(11, 19),
	(12, 19),
	(13, 19),
	(14, 19),
	(15, 19),
	(16, 19),
	(17, 19),
	(18, 19),
	(19, 19),
	(20, 19),
	(21, 19),
	(22, 19),
	(23, 19),
	(24, 19),
	(25, 19),
	(26, 19),
	(27, 19),
	(28, 19),
	(29, 19),
	(30, 19),
	(1, 20),
	(2, 20),
	(3, 20),
	(4, 20),
	(5, 20),
	(6, 20),
	(7, 20),
	(8, 20),
	(9, 20),
	(10, 20),
	(11, 20),
	(12, 20),
	(13, 20),
	(14, 20),
	(15, 20),
	(16, 20),
	(17, 20),
	(18, 20),
	(19, 20),
	(20, 20),
	(21, 20),
	(22, 20),
	(23, 20),
	(24, 20),
	(25, 20),
	(26, 20),
	(27, 20),
	(28, 20),
	(29, 20),
	(30, 20),
	(1, 21),
	(2, 21),
	(3, 21),
	(4, 21),
	(5, 21),
	(6, 21),
	(7, 21),
	(8, 21),
	(9, 21),
	(10, 21),
	(11, 21),
	(12, 21),
	(13, 21),
	(14, 21),
	(15, 21),
	(16, 21),
	(17, 21),
	(18, 21),
	(19, 21),
	(20, 21),
	(21, 21),
	(22, 21),
	(23, 21),
	(24, 21),
	(25, 21),
	(26, 21),
	(27, 21),
	(28, 21),
	(29, 21),
	(30, 21),
	(1, 22),
	(2, 22),
	(3, 22),
	(4, 22),
	(5, 22),
	(6, 22),
	(7, 22),
	(8, 22),
	(9, 22),
	(10, 22),
	(11, 22),
	(12, 22),
	(13, 22),
	(14, 22),
	(15, 22),
	(16, 22),
	(17, 22),
	(18, 22),
	(19, 22),
	(20, 22),
	(21, 22),
	(22, 22),
	(23, 22),
	(24, 22),
	(25, 22),
	(26, 22),
	(27, 22),
	(28, 22),
	(29, 22),
	(30, 22),
	(1, 23),
	(2, 23),
	(3, 23),
	(4, 23),
	(5, 23),
	(6, 23),
	(7, 23),
	(8, 23),
	(9, 23),
	(10, 23),
	(11, 23),
	(12, 23),
	(13, 23),
	(14, 23),
	(15, 23),
	(16, 23),
	(17, 23),
	(18, 23),
	(19, 23),
	(20, 23),
	(21, 23),
	(22, 23),
	(23, 23),
	(24, 23),
	(25, 23),
	(26, 23),
	(27, 23),
	(28, 23),
	(29, 23),
	(30, 23),
	(1, 24),
	(2, 24),
	(3, 24),
	(4, 24),
	(5, 24),
	(6, 24),
	(7, 24),
	(8, 24),
	(9, 24),
	(10, 24),
	(11, 24),
	(12, 24),
	(13, 24),
	(14, 24),
	(15, 24),
	(16, 24),
	(17, 24),
	(18, 24),
	(19, 24),
	(20, 24),
	(21, 24),
	(22, 24),
	(23, 24),
	(24, 24),
	(25, 24),
	(26, 24),
	(27, 24),
	(28, 24),
	(29, 24),
	(30, 24),
	(1, 25),
	(2, 25),
	(3, 25),
	(4, 25),
	(5, 25),
	(6, 25),
	(7, 25),
	(8, 25),
	(9, 25),
	(10, 25),
	(11, 25),
	(12, 25),
	(13, 25),
	(14, 25),
	(15, 25),
	(16, 25),
	(17, 25),
	(18, 25),
	(19, 25),
	(20, 25),
	(21, 25),
	(22, 25),
	(23, 25),
	(24, 25),
	(25, 25),
	(26, 25),
	(27, 25),
	(28, 25),
	(29, 25),
	(30, 25),
	(1, 26),
	(2, 26),
	(3, 26),
	(4, 26),
	(5, 26),
	(6, 26),
	(7, 26),
	(8, 26),
	(9, 26),
	(10, 26),
	(11, 26),
	(12, 26),
	(13, 26),
	(14, 26),
	(15, 26),
	(16, 26),
	(17, 26),
	(18, 26),
	(19, 26),
	(20, 26),
	(21, 26),
	(22, 26),
	(23, 26),
	(24, 26),
	(25, 26),
	(26, 26),
	(27, 26),
	(28, 26),
	(29, 26),
	(30, 26),
	(1, 27),
	(2, 27),
	(3, 27),
	(4, 27),
	(5, 27),
	(6, 27),
	(7, 27),
	(8, 27),
	(9, 27),
	(10, 27),
	(11, 27),
	(12, 27),
	(13, 27),
	(14, 27),
	(15, 27),
	(16, 27),
	(17, 27),
	(18, 27),
	(19, 27),
	(20, 27),
	(21, 27),
	(22, 27),
	(23, 27),
	(24, 27),
	(25, 27),
	(26, 27),
	(27, 27),
	(28, 27),
	(29, 27),
	(30, 27),
	(1, 28),
	(2, 28),
	(3, 28),
	(4, 28),
	(5, 28),
	(6, 28),
	(7, 28),
	(8, 28),
	(9, 28),
	(10, 28),
	(11, 28),
	(12, 28),
	(13, 28),
	(14, 28),
	(15, 28),
	(16, 28),
	(17, 28),
	(18, 28),
	(19, 28),
	(20, 28),
	(21, 28),
	(22, 28),
	(23, 28),
	(24, 28),
	(25, 28),
	(26, 28),
	(27, 28),
	(28, 28),
	(29, 28),
	(30, 28),
	(1, 29),
	(2, 29),
	(3, 29),
	(4, 29),
	(5, 29),
	(6, 29),
	(7, 29),
	(8, 29),
	(9, 29),
	(10, 29),
	(11, 29),
	(12, 29),
	(13, 29),
	(14, 29),
	(15, 29),
	(16, 29),
	(17, 29),
	(18, 29),
	(19, 29),
	(20, 29),
	(21, 29),
	(22, 29),
	(23, 29),
	(24, 29),
	(25, 29),
	(26, 29),
	(27, 29),
	(28, 29),
	(29, 29),
	(30, 29),
	(1, 30),
	(2, 30),
	(3, 30),
	(4, 30),
	(5, 30),
	(6, 30),
	(7, 30),
	(8, 30),
	(9, 30),
	(10, 30),
	(11, 30),
	(12, 30),
	(13, 30),
	(14, 30),
	(15, 30),
	(16, 30),
	(17, 30),
	(18, 30),
	(19, 30),
	(20, 30),
	(21, 30),
	(22, 30),
	(23, 30),
	(24, 30),
	(25, 30),
	(26, 30),
	(27, 30),
	(28, 30),
	(29, 30),
	(30, 30),
	(1, 31),
	(2, 31),
	(3, 31),
	(4, 31),
	(5, 31),
	(6, 31),
	(7, 31),
	(8, 31),
	(9, 31),
	(10, 31),
	(11, 31),
	(12, 31),
	(13, 31),
	(14, 31),
	(15, 31),
	(16, 31),
	(17, 31),
	(18, 31),
	(19, 31),
	(20, 31),
	(21, 31),
	(22, 31),
	(23, 31),
	(24, 31),
	(25, 31),
	(26, 31),
	(27, 31),
	(28, 31),
	(29, 31),
	(30, 31),
	(1, 32),
	(2, 32),
	(3, 32),
	(4, 32),
	(5, 32),
	(6, 32),
	(7, 32),
	(8, 32),
	(9, 32),
	(10, 32),
	(11, 32),
	(12, 32),
	(13, 32),
	(14, 32),
	(15, 32),
	(16, 32),
	(17, 32),
	(18, 32),
	(19, 32),
	(20, 32),
	(21, 32),
	(22, 32),
	(23, 32),
	(24, 32),
	(25, 32),
	(26, 32),
	(27, 32),
	(28, 32),
	(29, 32),
	(30, 32),
	(1, 33),
	(2, 33),
	(3, 33),
	(4, 33),
	(5, 33),
	(6, 33),
	(7, 33),
	(8, 33),
	(9, 33),
	(10, 33),
	(11, 33),
	(12, 33),
	(13, 33),
	(14, 33),
	(15, 33),
	(16, 33),
	(17, 33),
	(18, 33),
	(19, 33),
	(20, 33),
	(21, 33),
	(22, 33),
	(23, 33),
	(24, 33),
	(25, 33),
	(26, 33),
	(27, 33),
	(28, 33),
	(29, 33),
	(30, 33),
	(1, 34),
	(2, 34),
	(3, 34),
	(4, 34),
	(5, 34),
	(6, 34),
	(7, 34),
	(8, 34),
	(9, 34),
	(10, 34),
	(11, 34),
	(12, 34),
	(13, 34),
	(14, 34),
	(15, 34),
	(16, 34),
	(17, 34),
	(18, 34),
	(19, 34),
	(20, 34),
	(21, 34),
	(22, 34),
	(23, 34),
	(24, 34),
	(25, 34),
	(26, 34),
	(27, 34),
	(28, 34),
	(29, 34),
	(30, 34),
	(1, 35),
	(2, 35),
	(3, 35),
	(4, 35),
	(5, 35),
	(6, 35),
	(7, 35),
	(8, 35),
	(9, 35),
	(10, 35),
	(11, 35),
	(12, 35),
	(13, 35),
	(14, 35),
	(15, 35),
	(16, 35),
	(17, 35),
	(18, 35),
	(19, 35),
	(20, 35),
	(21, 35),
	(22, 35),
	(23, 35),
	(24, 35),
	(25, 35),
	(26, 35),
	(27, 35),
	(28, 35),
	(29, 35),
	(30, 35),
	(1, 36),
	(2, 36),
	(3, 36),
	(4, 36),
	(5, 36),
	(6, 36),
	(7, 36),
	(8, 36),
	(9, 36),
	(10, 36),
	(11, 36),
	(12, 36),
	(13, 36),
	(14, 36),
	(15, 36),
	(16, 36),
	(17, 36),
	(18, 36),
	(19, 36),
	(20, 36),
	(21, 36),
	(22, 36),
	(23, 36),
	(24, 36),
	(25, 36),
	(26, 36),
	(27, 36),
	(28, 36),
	(29, 36),
	(30, 36),
	(1, 37),
	(2, 37),
	(3, 37),
	(4, 37),
	(5, 37),
	(6, 37),
	(7, 37),
	(8, 37),
	(9, 37),
	(10, 37),
	(11, 37),
	(12, 37),
	(13, 37),
	(14, 37),
	(15, 37),
	(16, 37),
	(17, 37),
	(18, 37),
	(19, 37),
	(20, 37),
	(21, 37),
	(22, 37),
	(23, 37),
	(24, 37),
	(25, 37),
	(26, 37),
	(27, 37),
	(28, 37),
	(29, 37),
	(30, 37),
	(1, 38),
	(2, 38),
	(3, 38),
	(4, 38),
	(5, 38),
	(6, 38),
	(7, 38),
	(8, 38),
	(9, 38),
	(10, 38),
	(11, 38),
	(12, 38),
	(13, 38),
	(14, 38),
	(15, 38),
	(16, 38),
	(17, 38),
	(18, 38),
	(19, 38),
	(20, 38),
	(21, 38),
	(22, 38),
	(23, 38),
	(24, 38),
	(25, 38),
	(26, 38),
	(27, 38),
	(28, 38),
	(29, 38),
	(30, 38),
	(1, 39),
	(2, 39),
	(3, 39),
	(4, 39),
	(5, 39),
	(6, 39),
	(7, 39),
	(8, 39),
	(9, 39),
	(10, 39),
	(11, 39),
	(12, 39),
	(13, 39),
	(14, 39),
	(15, 39),
	(16, 39),
	(17, 39),
	(18, 39),
	(19, 39),
	(20, 39),
	(21, 39),
	(22, 39),
	(23, 39),
	(24, 39),
	(25, 39),
	(26, 39),
	(27, 39),
	(28, 39),
	(29, 39),
	(30, 39),
	(1, 40),
	(2, 40),
	(3, 40),
	(4, 40),
	(5, 40),
	(6, 40),
	(7, 40),
	(8, 40),
	(9, 40),
	(10, 40),
	(11, 40),
	(12, 40),
	(13, 40),
	(14, 40),
	(15, 40),
	(16, 40),
	(17, 40),
	(18, 40),
	(19, 40),
	(20, 40),
	(21, 40),
	(22, 40),
	(23, 40),
	(24, 40),
	(25, 40),
	(26, 40),
	(27, 40),
	(28, 40),
	(29, 40),
	(30, 40),
	(1, 41),
	(2, 41),
	(3, 41),
	(4, 41),
	(5, 41),
	(6, 41),
	(7, 41),
	(8, 41),
	(9, 41),
	(10, 41),
	(11, 41),
	(12, 41),
	(13, 41),
	(14, 41),
	(15, 41),
	(16, 41),
	(17, 41),
	(18, 41),
	(19, 41),
	(20, 41),
	(21, 41),
	(22, 41),
	(23, 41),
	(24, 41),
	(25, 41),
	(26, 41),
	(27, 41),
	(28, 41),
	(29, 41),
	(30, 41),
	(1, 42),
	(2, 42),
	(3, 42),
	(4, 42),
	(5, 42),
	(6, 42),
	(7, 42),
	(8, 42),
	(9, 42),
	(10, 42),
	(11, 42),
	(12, 42),
	(13, 42),
	(14, 42),
	(15, 42),
	(16, 42),
	(17, 42),
	(18, 42),
	(19, 42),
	(20, 42),
	(21, 42),
	(22, 42),
	(23, 42),
	(24, 42),
	(25, 42),
	(26, 42),
	(27, 42),
	(28, 42),
	(29, 42),
	(30, 42),
	(1, 43),
	(2, 43),
	(3, 43),
	(4, 43),
	(5, 43),
	(6, 43),
	(7, 43),
	(8, 43),
	(9, 43),
	(10, 43),
	(11, 43),
	(12, 43),
	(13, 43),
	(14, 43),
	(15, 43),
	(16, 43),
	(17, 43),
	(18, 43),
	(19, 43),
	(20, 43),
	(21, 43),
	(22, 43),
	(23, 43),
	(24, 43),
	(25, 43),
	(26, 43),
	(27, 43),
	(28, 43),
	(29, 43),
	(30, 43),
	(1, 44),
	(2, 44),
	(3, 44),
	(4, 44),
	(5, 44),
	(6, 44),
	(7, 44),
	(8, 44),
	(9, 44),
	(10, 44),
	(11, 44),
	(12, 44),
	(13, 44),
	(14, 44),
	(15, 44),
	(16, 44),
	(17, 44),
	(18, 44),
	(19, 44),
	(20, 44),
	(21, 44),
	(22, 44),
	(23, 44),
	(24, 44),
	(25, 44),
	(26, 44),
	(27, 44),
	(28, 44),
	(29, 44),
	(30, 44),
	(1, 45),
	(2, 45),
	(3, 45),
	(4, 45),
	(5, 45),
	(6, 45),
	(7, 45),
	(8, 45),
	(9, 45),
	(10, 45),
	(11, 45),
	(12, 45),
	(13, 45),
	(14, 45),
	(15, 45),
	(16, 45),
	(17, 45),
	(18, 45),
	(19, 45),
	(20, 45),
	(21, 45),
	(22, 45),
	(23, 45),
	(24, 45),
	(25, 45),
	(26, 45),
	(27, 45),
	(28, 45),
	(29, 45),
	(30, 45),
	(1, 46),
	(2, 46),
	(3, 46),
	(4, 46),
	(5, 46),
	(6, 46),
	(7, 46),
	(8, 46),
	(9, 46),
	(10, 46),
	(11, 46),
	(12, 46),
	(13, 46),
	(14, 46),
	(15, 46),
	(16, 46),
	(17, 46),
	(18, 46),
	(19, 46),
	(20, 46),
	(21, 46),
	(22, 46),
	(23, 46),
	(24, 46),
	(25, 46),
	(26, 46),
	(27, 46),
	(28, 46),
	(29, 46),
	(30, 46),
	(1, 47),
	(2, 47),
	(3, 47),
	(4, 47),
	(5, 47),
	(6, 47),
	(7, 47),
	(8, 47),
	(9, 47),
	(10, 47),
	(11, 47),
	(12, 47),
	(13, 47),
	(14, 47),
	(15, 47),
	(16, 47),
	(17, 47),
	(18, 47),
	(19, 47),
	(20, 47),
	(21, 47),
	(22, 47),
	(23, 47),
	(24, 47),
	(25, 47),
	(26, 47),
	(27, 47),
	(28, 47),
	(29, 47),
	(30, 47),
	(1, 48),
	(2, 48),
	(3, 48),
	(4, 48),
	(5, 48),
	(6, 48),
	(7, 48),
	(8, 48),
	(9, 48),
	(10, 48),
	(11, 48),
	(12, 48),
	(13, 48),
	(14, 48),
	(15, 48),
	(16, 48),
	(17, 48),
	(18, 48),
	(19, 48),
	(20, 48),
	(21, 48),
	(22, 48),
	(23, 48),
	(24, 48),
	(25, 48),
	(26, 48),
	(27, 48),
	(28, 48),
	(29, 48),
	(30, 48),
	(1, 49),
	(2, 49),
	(3, 49),
	(4, 49),
	(5, 49),
	(6, 49),
	(7, 49),
	(8, 49),
	(9, 49),
	(10, 49),
	(11, 49),
	(12, 49),
	(13, 49),
	(14, 49),
	(15, 49),
	(16, 49),
	(17, 49),
	(18, 49),
	(19, 49),
	(20, 49),
	(21, 49),
	(22, 49),
	(23, 49),
	(24, 49),
	(25, 49),
	(26, 49),
	(27, 49),
	(28, 49),
	(29, 49),
	(30, 49),
	(1, 50),
	(2, 50),
	(3, 50),
	(4, 50),
	(5, 50),
	(6, 50),
	(7, 50),
	(8, 50),
	(9, 50),
	(10, 50),
	(11, 50),
	(12, 50),
	(13, 50),
	(14, 50),
	(15, 50),
	(16, 50),
	(17, 50),
	(18, 50),
	(19, 50),
	(20, 50),
	(21, 50),
	(22, 50),
	(23, 50),
	(24, 50),
	(25, 50),
	(26, 50),
	(27, 50),
	(28, 50),
	(29, 50),
	(30, 50),
	(1, 51),
	(2, 51),
	(3, 51),
	(4, 51),
	(5, 51),
	(6, 51),
	(7, 51),
	(8, 51),
	(9, 51),
	(10, 51),
	(11, 51),
	(12, 51),
	(13, 51),
	(14, 51),
	(15, 51),
	(16, 51),
	(17, 51),
	(18, 51),
	(19, 51),
	(20, 51),
	(21, 51),
	(22, 51),
	(23, 51),
	(24, 51),
	(25, 51),
	(26, 51),
	(27, 51),
	(28, 51),
	(29, 51),
	(30, 51),
	(1, 52),
	(2, 52),
	(3, 52),
	(4, 52),
	(5, 52),
	(6, 52),
	(7, 52),
	(8, 52),
	(9, 52),
	(10, 52),
	(11, 52),
	(12, 52),
	(13, 52),
	(14, 52),
	(15, 52),
	(16, 52),
	(17, 52),
	(18, 52),
	(19, 52),
	(20, 52),
	(21, 52),
	(22, 52),
	(23, 52),
	(24, 52),
	(25, 52),
	(26, 52),
	(27, 52),
	(28, 52),
	(29, 52),
	(30, 52),
	(1, 53),
	(2, 53),
	(3, 53),
	(4, 53),
	(5, 53),
	(6, 53),
	(7, 53),
	(8, 53),
	(9, 53),
	(10, 53),
	(11, 53),
	(12, 53),
	(13, 53),
	(14, 53),
	(15, 53),
	(16, 53),
	(17, 53),
	(18, 53),
	(19, 53),
	(20, 53),
	(21, 53),
	(22, 53),
	(23, 53),
	(24, 53),
	(25, 53),
	(26, 53),
	(27, 53),
	(28, 53),
	(29, 53),
	(30, 53),
	(1, 54),
	(2, 54),
	(3, 54),
	(4, 54),
	(5, 54),
	(6, 54),
	(7, 54),
	(8, 54),
	(9, 54),
	(10, 54),
	(11, 54),
	(12, 54),
	(13, 54),
	(14, 54),
	(15, 54),
	(16, 54),
	(17, 54),
	(18, 54),
	(19, 54),
	(20, 54),
	(21, 54),
	(22, 54),
	(23, 54),
	(24, 54),
	(25, 54),
	(26, 54),
	(27, 54),
	(28, 54),
	(29, 54),
	(30, 54),
	(1, 55),
	(2, 55),
	(3, 55),
	(4, 55),
	(5, 55),
	(6, 55),
	(7, 55),
	(8, 55),
	(9, 55),
	(10, 55),
	(11, 55),
	(12, 55),
	(13, 55),
	(14, 55),
	(15, 55),
	(16, 55),
	(17, 55),
	(18, 55),
	(19, 55),
	(20, 55),
	(21, 55),
	(22, 55),
	(23, 55),
	(24, 55),
	(25, 55),
	(26, 55),
	(27, 55),
	(28, 55),
	(29, 55),
	(30, 55),
	(1, 56),
	(2, 56),
	(3, 56),
	(4, 56),
	(5, 56),
	(6, 56),
	(7, 56),
	(8, 56),
	(9, 56),
	(10, 56),
	(11, 56),
	(12, 56),
	(13, 56),
	(14, 56),
	(15, 56),
	(16, 56),
	(17, 56),
	(18, 56),
	(19, 56),
	(20, 56),
	(21, 56),
	(22, 56),
	(23, 56),
	(24, 56),
	(25, 56),
	(26, 56),
	(27, 56),
	(28, 56),
	(29, 56),
	(30, 56),
	(1, 57),
	(2, 57),
	(3, 57),
	(4, 57),
	(5, 57),
	(6, 57),
	(7, 57),
	(8, 57),
	(9, 57),
	(10, 57),
	(11, 57),
	(12, 57),
	(13, 57),
	(14, 57),
	(15, 57),
	(16, 57),
	(17, 57),
	(18, 57),
	(19, 57),
	(20, 57),
	(21, 57),
	(22, 57),
	(23, 57),
	(24, 57),
	(25, 57),
	(26, 57),
	(27, 57),
	(28, 57),
	(29, 57),
	(30, 57),
	(1, 58),
	(2, 58),
	(3, 58),
	(4, 58),
	(5, 58),
	(6, 58),
	(7, 58),
	(8, 58),
	(9, 58),
	(10, 58),
	(11, 58),
	(12, 58),
	(13, 58),
	(14, 58),
	(15, 58),
	(16, 58),
	(17, 58),
	(18, 58),
	(19, 58),
	(20, 58),
	(21, 58),
	(22, 58),
	(23, 58),
	(24, 58),
	(25, 58),
	(26, 58),
	(27, 58),
	(28, 58),
	(29, 58),
	(30, 58),
	(1, 59),
	(2, 59),
	(3, 59),
	(4, 59),
	(5, 59),
	(6, 59),
	(7, 59),
	(8, 59),
	(9, 59),
	(10, 59),
	(11, 59),
	(12, 59),
	(13, 59),
	(14, 59),
	(15, 59),
	(16, 59),
	(17, 59),
	(18, 59),
	(19, 59),
	(20, 59),
	(21, 59),
	(22, 59),
	(23, 59),
	(24, 59),
	(25, 59),
	(26, 59),
	(27, 59),
	(28, 59),
	(29, 59),
	(30, 59),
	(1, 60),
	(2, 60),
	(3, 60),
	(4, 60),
	(5, 60),
	(6, 60),
	(7, 60),
	(8, 60),
	(9, 60),
	(10, 60),
	(11, 60),
	(12, 60),
	(13, 60),
	(14, 60),
	(15, 60),
	(16, 60),
	(17, 60),
	(18, 60),
	(19, 60),
	(20, 60),
	(21, 60),
	(22, 60),
	(23, 60),
	(24, 60),
	(25, 60),
	(26, 60),
	(27, 60),
	(28, 60),
	(29, 60),
	(30, 60),
	(1, 61),
	(2, 61),
	(3, 61),
	(4, 61),
	(5, 61),
	(6, 61),
	(7, 61),
	(8, 61),
	(9, 61),
	(10, 61),
	(11, 61),
	(12, 61),
	(13, 61),
	(14, 61),
	(15, 61),
	(16, 61),
	(17, 61),
	(18, 61),
	(19, 61),
	(20, 61),
	(21, 61),
	(22, 61),
	(23, 61),
	(24, 61),
	(25, 61),
	(26, 61),
	(27, 61),
	(28, 61),
	(29, 61),
	(30, 61),
	(1, 62),
	(2, 62),
	(3, 62),
	(4, 62),
	(5, 62),
	(6, 62),
	(7, 62),
	(8, 62),
	(9, 62),
	(10, 62),
	(11, 62),
	(12, 62),
	(13, 62),
	(14, 62),
	(15, 62),
	(16, 62),
	(17, 62),
	(18, 62),
	(19, 62),
	(20, 62),
	(21, 62),
	(22, 62),
	(23, 62),
	(24, 62),
	(25, 62),
	(26, 62),
	(27, 62),
	(28, 62),
	(29, 62),
	(30, 62),
	(1, 63),
	(2, 63),
	(3, 63),
	(4, 63),
	(5, 63),
	(6, 63),
	(7, 63),
	(8, 63),
	(9, 63),
	(10, 63),
	(11, 63),
	(12, 63),
	(13, 63),
	(14, 63),
	(15, 63),
	(16, 63),
	(17, 63),
	(18, 63),
	(19, 63),
	(20, 63),
	(21, 63),
	(22, 63),
	(23, 63),
	(24, 63),
	(25, 63),
	(26, 63),
	(27, 63),
	(28, 63),
	(29, 63),
	(30, 63),
	(1, 64),
	(2, 64),
	(3, 64),
	(4, 64),
	(5, 64),
	(6, 64),
	(7, 64),
	(8, 64),
	(9, 64),
	(10, 64),
	(11, 64),
	(12, 64),
	(13, 64),
	(14, 64),
	(15, 64),
	(16, 64),
	(17, 64),
	(18, 64),
	(19, 64),
	(20, 64),
	(21, 64),
	(22, 64),
	(23, 64),
	(24, 64),
	(25, 64),
	(26, 64),
	(27, 64),
	(28, 64),
	(29, 64),
	(30, 64),
	(1, 65),
	(2, 65),
	(3, 65),
	(4, 65),
	(5, 65),
	(6, 65),
	(7, 65),
	(8, 65),
	(9, 65),
	(10, 65),
	(11, 65),
	(12, 65),
	(13, 65),
	(14, 65),
	(15, 65),
	(16, 65),
	(17, 65),
	(18, 65),
	(19, 65),
	(20, 65),
	(21, 65),
	(22, 65),
	(23, 65),
	(24, 65),
	(25, 65),
	(26, 65),
	(27, 65),
	(28, 65),
	(29, 65),
	(30, 65),
	(1, 66),
	(2, 66),
	(3, 66),
	(4, 66),
	(5, 66),
	(6, 66),
	(7, 66),
	(8, 66),
	(9, 66),
	(10, 66),
	(11, 66),
	(12, 66),
	(13, 66),
	(14, 66),
	(15, 66),
	(16, 66),
	(17, 66),
	(18, 66),
	(19, 66),
	(20, 66),
	(21, 66),
	(22, 66),
	(23, 66),
	(24, 66),
	(25, 66),
	(26, 66),
	(27, 66),
	(28, 66),
	(29, 66),
	(30, 66),
	(1, 67),
	(2, 67),
	(3, 67),
	(4, 67),
	(5, 67),
	(6, 67),
	(7, 67),
	(8, 67),
	(9, 67),
	(10, 67),
	(11, 67),
	(12, 67),
	(13, 67),
	(14, 67),
	(15, 67),
	(16, 67),
	(17, 67),
	(18, 67),
	(19, 67),
	(20, 67),
	(21, 67),
	(22, 67),
	(23, 67),
	(24, 67),
	(25, 67),
	(26, 67),
	(27, 67),
	(28, 67),
	(29, 67),
	(30, 67),
	(1, 68),
	(2, 68),
	(3, 68),
	(4, 68),
	(5, 68),
	(6, 68),
	(7, 68),
	(8, 68),
	(9, 68),
	(10, 68),
	(11, 68),
	(12, 68),
	(13, 68),
	(14, 68),
	(15, 68),
	(16, 68),
	(17, 68),
	(18, 68),
	(19, 68),
	(20, 68),
	(21, 68),
	(22, 68),
	(23, 68),
	(24, 68),
	(25, 68),
	(26, 68),
	(27, 68),
	(28, 68),
	(29, 68),
	(30, 68),
	(1, 69),
	(2, 69),
	(3, 69),
	(4, 69),
	(5, 69),
	(6, 69),
	(7, 69),
	(8, 69),
	(9, 69),
	(10, 69),
	(11, 69),
	(12, 69),
	(13, 69),
	(14, 69),
	(15, 69),
	(16, 69),
	(17, 69),
	(18, 69),
	(19, 69),
	(20, 69),
	(21, 69),
	(22, 69),
	(23, 69),
	(24, 69),
	(25, 69),
	(26, 69),
	(27, 69),
	(28, 69),
	(29, 69),
	(30, 69),
	(1, 70),
	(2, 70),
	(3, 70),
	(4, 70),
	(5, 70),
	(6, 70),
	(7, 70),
	(8, 70),
	(9, 70),
	(10, 70),
	(11, 70),
	(12, 70),
	(13, 70),
	(14, 70),
	(15, 70),
	(16, 70),
	(17, 70),
	(18, 70),
	(19, 70),
	(20, 70),
	(21, 70),
	(22, 70),
	(23, 70),
	(24, 70),
	(25, 70),
	(26, 70),
	(27, 70),
	(28, 70),
	(29, 70),
	(30, 70),
	(1, 71),
	(2, 71),
	(3, 71),
	(4, 71),
	(5, 71),
	(6, 71),
	(7, 71),
	(8, 71),
	(9, 71),
	(10, 71),
	(11, 71),
	(12, 71),
	(13, 71),
	(14, 71),
	(15, 71),
	(16, 71),
	(17, 71),
	(18, 71),
	(19, 71),
	(20, 71),
	(21, 71),
	(22, 71),
	(23, 71),
	(24, 71),
	(25, 71),
	(26, 71),
	(27, 71),
	(28, 71),
	(29, 71),
	(30, 71),
	(1, 72),
	(2, 72),
	(3, 72),
	(4, 72),
	(5, 72),
	(6, 72),
	(7, 72),
	(8, 72),
	(9, 72),
	(10, 72),
	(11, 72),
	(12, 72),
	(13, 72),
	(14, 72),
	(15, 72),
	(16, 72),
	(17, 72),
	(18, 72),
	(19, 72),
	(20, 72),
	(21, 72),
	(22, 72),
	(23, 72),
	(24, 72),
	(25, 72),
	(26, 72),
	(27, 72),
	(28, 72),
	(29, 72),
	(30, 72),
	(1, 73),
	(2, 73),
	(3, 73),
	(4, 73),
	(5, 73),
	(6, 73),
	(7, 73),
	(8, 73),
	(9, 73),
	(10, 73),
	(11, 73),
	(12, 73),
	(13, 73),
	(14, 73),
	(15, 73),
	(16, 73),
	(17, 73),
	(18, 73),
	(19, 73),
	(20, 73),
	(21, 73),
	(22, 73),
	(23, 73),
	(24, 73),
	(25, 73),
	(26, 73),
	(27, 73),
	(28, 73),
	(29, 73),
	(30, 73),
	(1, 74),
	(2, 74),
	(3, 74),
	(4, 74),
	(5, 74),
	(6, 74),
	(7, 74),
	(8, 74),
	(9, 74),
	(10, 74),
	(11, 74),
	(12, 74),
	(13, 74),
	(14, 74),
	(15, 74),
	(16, 74),
	(17, 74),
	(18, 74),
	(19, 74),
	(20, 74),
	(21, 74),
	(22, 74),
	(23, 74),
	(24, 74),
	(25, 74),
	(26, 74),
	(27, 74),
	(28, 74),
	(29, 74),
	(30, 74),
	(1, 75),
	(2, 75),
	(3, 75),
	(4, 75),
	(5, 75),
	(6, 75),
	(7, 75),
	(8, 75),
	(9, 75),
	(10, 75),
	(11, 75),
	(12, 75),
	(13, 75),
	(14, 75),
	(15, 75),
	(16, 75),
	(17, 75),
	(18, 75),
	(19, 75),
	(20, 75),
	(21, 75),
	(22, 75),
	(23, 75),
	(24, 75),
	(25, 75),
	(26, 75),
	(27, 75),
	(28, 75),
	(29, 75),
	(30, 75),
	(1, 76),
	(2, 76),
	(3, 76),
	(4, 76),
	(5, 76),
	(6, 76),
	(7, 76),
	(8, 76),
	(9, 76),
	(10, 76),
	(11, 76),
	(12, 76),
	(13, 76),
	(14, 76),
	(15, 76),
	(16, 76),
	(17, 76),
	(18, 76),
	(19, 76),
	(20, 76),
	(21, 76),
	(22, 76),
	(23, 76),
	(24, 76),
	(25, 76),
	(26, 76),
	(27, 76),
	(28, 76),
	(29, 76),
	(30, 76),
	(1, 77),
	(2, 77),
	(3, 77),
	(4, 77),
	(5, 77),
	(6, 77),
	(7, 77),
	(8, 77),
	(9, 77),
	(10, 77),
	(11, 77),
	(12, 77),
	(13, 77),
	(14, 77),
	(15, 77),
	(16, 77),
	(17, 77),
	(18, 77),
	(19, 77),
	(20, 77),
	(21, 77),
	(22, 77),
	(23, 77),
	(24, 77),
	(25, 77),
	(26, 77),
	(27, 77),
	(28, 77),
	(29, 77),
	(30, 77),
	(1, 78),
	(2, 78),
	(3, 78),
	(4, 78),
	(5, 78),
	(6, 78),
	(7, 78),
	(8, 78),
	(9, 78),
	(10, 78),
	(11, 78),
	(12, 78),
	(13, 78),
	(14, 78),
	(15, 78),
	(16, 78),
	(17, 78),
	(18, 78),
	(19, 78),
	(20, 78),
	(21, 78),
	(22, 78),
	(23, 78),
	(24, 78),
	(25, 78),
	(26, 78),
	(27, 78),
	(28, 78),
	(29, 78),
	(30, 78),
	(1, 79),
	(2, 79),
	(3, 79),
	(4, 79),
	(5, 79),
	(6, 79),
	(7, 79),
	(8, 79),
	(9, 79),
	(10, 79),
	(11, 79),
	(12, 79),
	(13, 79),
	(14, 79),
	(15, 79),
	(16, 79),
	(17, 79),
	(18, 79),
	(19, 79),
	(20, 79),
	(21, 79),
	(22, 79),
	(23, 79),
	(24, 79),
	(25, 79),
	(26, 79),
	(27, 79),
	(28, 79),
	(29, 79),
	(30, 79),
	(1, 80),
	(2, 80),
	(3, 80),
	(4, 80),
	(5, 80),
	(6, 80),
	(7, 80),
	(8, 80),
	(9, 80),
	(10, 80),
	(11, 80),
	(12, 80),
	(13, 80),
	(14, 80),
	(15, 80),
	(16, 80),
	(17, 80),
	(18, 80),
	(19, 80),
	(20, 80),
	(21, 80),
	(22, 80),
	(23, 80),
	(24, 80),
	(25, 80),
	(26, 80),
	(27, 80),
	(28, 80),
	(29, 80),
	(30, 80),
	(1, 81),
	(2, 81),
	(3, 81),
	(4, 81),
	(5, 81),
	(6, 81),
	(7, 81),
	(8, 81),
	(9, 81),
	(10, 81),
	(11, 81),
	(12, 81),
	(13, 81),
	(14, 81),
	(15, 81),
	(16, 81),
	(17, 81),
	(18, 81),
	(19, 81),
	(20, 81),
	(21, 81),
	(22, 81),
	(23, 81),
	(24, 81),
	(25, 81),
	(26, 81),
	(27, 81),
	(28, 81),
	(29, 81),
	(30, 81),
	(1, 82),
	(2, 82),
	(3, 82),
	(4, 82),
	(5, 82),
	(6, 82),
	(7, 82),
	(8, 82),
	(9, 82),
	(10, 82),
	(11, 82),
	(12, 82),
	(13, 82),
	(14, 82),
	(15, 82),
	(16, 82),
	(17, 82),
	(18, 82),
	(19, 82),
	(20, 82),
	(21, 82),
	(22, 82),
	(23, 82),
	(24, 82),
	(25, 82),
	(26, 82),
	(27, 82),
	(28, 82),
	(29, 82),
	(30, 82),
	(1, 83),
	(2, 83),
	(3, 83),
	(4, 83),
	(5, 83),
	(6, 83),
	(7, 83),
	(8, 83),
	(9, 83),
	(10, 83),
	(11, 83),
	(12, 83),
	(13, 83),
	(14, 83),
	(15, 83),
	(16, 83),
	(17, 83),
	(18, 83),
	(19, 83),
	(20, 83),
	(21, 83),
	(22, 83),
	(23, 83),
	(24, 83),
	(25, 83),
	(26, 83),
	(27, 83),
	(28, 83),
	(29, 83),
	(30, 83),
	(1, 84),
	(2, 84),
	(3, 84),
	(4, 84),
	(5, 84),
	(6, 84),
	(7, 84),
	(8, 84),
	(9, 84),
	(10, 84),
	(11, 84),
	(12, 84),
	(13, 84),
	(14, 84),
	(15, 84),
	(16, 84),
	(17, 84),
	(18, 84),
	(19, 84),
	(20, 84),
	(21, 84),
	(22, 84),
	(23, 84),
	(24, 84),
	(25, 84),
	(26, 84),
	(27, 84),
	(28, 84),
	(29, 84),
	(30, 84),
	(1, 85),
	(2, 85),
	(3, 85),
	(4, 85),
	(5, 85),
	(6, 85),
	(7, 85),
	(8, 85),
	(9, 85),
	(10, 85),
	(11, 85),
	(12, 85),
	(13, 85),
	(14, 85),
	(15, 85),
	(16, 85),
	(17, 85),
	(18, 85),
	(19, 85),
	(20, 85),
	(21, 85),
	(22, 85),
	(23, 85),
	(24, 85),
	(25, 85),
	(26, 85),
	(27, 85),
	(28, 85),
	(29, 85),
	(30, 85),
	(1, 86),
	(2, 86),
	(3, 86),
	(4, 86),
	(5, 86),
	(6, 86),
	(7, 86),
	(8, 86),
	(9, 86),
	(10, 86),
	(11, 86),
	(12, 86),
	(13, 86),
	(14, 86),
	(15, 86),
	(16, 86),
	(17, 86),
	(18, 86),
	(19, 86),
	(20, 86),
	(21, 86),
	(22, 86),
	(23, 86),
	(24, 86),
	(25, 86),
	(26, 86),
	(27, 86),
	(28, 86),
	(29, 86),
	(30, 86),
	(1, 87),
	(2, 87),
	(3, 87),
	(4, 87),
	(5, 87),
	(6, 87),
	(7, 87),
	(8, 87),
	(9, 87),
	(10, 87),
	(11, 87),
	(12, 87),
	(13, 87),
	(14, 87),
	(15, 87),
	(16, 87),
	(17, 87),
	(18, 87),
	(19, 87),
	(20, 87),
	(21, 87),
	(22, 87),
	(23, 87),
	(24, 87),
	(25, 87),
	(26, 87),
	(27, 87),
	(28, 87),
	(29, 87),
	(30, 87),
	(1, 88),
	(2, 88),
	(3, 88),
	(4, 88),
	(5, 88),
	(6, 88),
	(7, 88),
	(8, 88),
	(9, 88),
	(10, 88),
	(11, 88),
	(12, 88),
	(13, 88),
	(14, 88),
	(15, 88),
	(16, 88),
	(17, 88),
	(18, 88),
	(19, 88),
	(20, 88),
	(21, 88),
	(22, 88),
	(23, 88),
	(24, 88),
	(25, 88),
	(26, 88),
	(27, 88),
	(28, 88),
	(29, 88),
	(30, 88),
	(1, 89),
	(2, 89),
	(3, 89),
	(4, 89),
	(5, 89),
	(6, 89),
	(7, 89),
	(8, 89),
	(9, 89),
	(10, 89),
	(11, 89),
	(12, 89),
	(13, 89),
	(14, 89),
	(15, 89),
	(16, 89),
	(17, 89),
	(18, 89),
	(19, 89),
	(20, 89),
	(21, 89),
	(22, 89),
	(23, 89),
	(24, 89),
	(25, 89),
	(26, 89),
	(27, 89),
	(28, 89),
	(29, 89),
	(30, 89),
	(1, 90),
	(2, 90),
	(3, 90),
	(4, 90),
	(5, 90),
	(6, 90),
	(7, 90),
	(8, 90),
	(9, 90),
	(10, 90),
	(11, 90),
	(12, 90),
	(13, 90),
	(14, 90),
	(15, 90),
	(16, 90),
	(17, 90),
	(18, 90),
	(19, 90),
	(20, 90),
	(21, 90),
	(22, 90),
	(23, 90),
	(24, 90),
	(25, 90),
	(26, 90),
	(27, 90),
	(28, 90),
	(29, 90),
	(30, 90),
	(1, 91),
	(2, 91),
	(3, 91),
	(4, 91),
	(5, 91),
	(6, 91),
	(7, 91),
	(8, 91),
	(9, 91),
	(10, 91),
	(11, 91),
	(12, 91),
	(13, 91),
	(14, 91),
	(15, 91),
	(16, 91),
	(17, 91),
	(18, 91),
	(19, 91),
	(20, 91),
	(21, 91),
	(22, 91),
	(23, 91),
	(24, 91),
	(25, 91),
	(26, 91),
	(27, 91),
	(28, 91),
	(29, 91),
	(30, 91),
	(1, 92),
	(2, 92),
	(3, 92),
	(4, 92),
	(5, 92),
	(6, 92),
	(7, 92),
	(8, 92),
	(9, 92),
	(10, 92),
	(11, 92),
	(12, 92),
	(13, 92),
	(14, 92),
	(15, 92),
	(16, 92),
	(17, 92),
	(18, 92),
	(19, 92),
	(20, 92),
	(21, 92),
	(22, 92),
	(23, 92),
	(24, 92),
	(25, 92),
	(26, 92),
	(27, 92),
	(28, 92),
	(29, 92),
	(30, 92),
	(1, 93),
	(2, 93),
	(3, 93),
	(4, 93),
	(5, 93),
	(6, 93),
	(7, 93),
	(8, 93),
	(9, 93),
	(10, 93),
	(11, 93),
	(12, 93),
	(13, 93),
	(14, 93),
	(15, 93),
	(16, 93),
	(17, 93),
	(18, 93),
	(19, 93),
	(20, 93),
	(21, 93),
	(22, 93),
	(23, 93),
	(24, 93),
	(25, 93),
	(26, 93),
	(27, 93),
	(28, 93),
	(29, 93),
	(30, 93),
	(1, 94),
	(2, 94),
	(3, 94),
	(4, 94),
	(5, 94),
	(6, 94),
	(7, 94),
	(8, 94),
	(9, 94),
	(10, 94),
	(11, 94),
	(12, 94),
	(13, 94),
	(14, 94),
	(15, 94),
	(16, 94),
	(17, 94),
	(18, 94),
	(19, 94),
	(20, 94),
	(21, 94),
	(22, 94),
	(23, 94),
	(24, 94),
	(25, 94),
	(26, 94),
	(27, 94),
	(28, 94),
	(29, 94),
	(30, 94),
	(1, 95),
	(2, 95),
	(3, 95),
	(4, 95),
	(5, 95),
	(6, 95),
	(7, 95),
	(8, 95),
	(9, 95),
	(10, 95),
	(11, 95),
	(12, 95),
	(13, 95),
	(14, 95),
	(15, 95),
	(16, 95),
	(17, 95),
	(18, 95),
	(19, 95),
	(20, 95),
	(21, 95),
	(22, 95),
	(23, 95),
	(24, 95),
	(25, 95),
	(26, 95),
	(27, 95),
	(28, 95),
	(29, 95),
	(30, 95),
	(1, 96),
	(2, 96),
	(3, 96),
	(4, 96),
	(5, 96),
	(6, 96),
	(7, 96),
	(8, 96),
	(9, 96),
	(10, 96),
	(11, 96),
	(12, 96),
	(13, 96),
	(14, 96),
	(15, 96),
	(16, 96),
	(17, 96),
	(18, 96),
	(19, 96),
	(20, 96),
	(21, 96),
	(22, 96),
	(23, 96),
	(24, 96),
	(25, 96),
	(26, 96),
	(27, 96),
	(28, 96),
	(29, 96),
	(30, 96),
	(1, 97),
	(2, 97),
	(3, 97),
	(4, 97),
	(5, 97),
	(6, 97),
	(7, 97),
	(8, 97),
	(9, 97),
	(10, 97),
	(11, 97),
	(12, 97),
	(13, 97),
	(14, 97),
	(15, 97),
	(16, 97),
	(17, 97),
	(18, 97),
	(19, 97),
	(20, 97),
	(21, 97),
	(22, 97),
	(23, 97),
	(24, 97),
	(25, 97),
	(26, 97),
	(27, 97),
	(28, 97),
	(29, 97),
	(30, 97),
	(1, 98),
	(2, 98),
	(3, 98),
	(4, 98),
	(5, 98),
	(6, 98),
	(7, 98),
	(8, 98),
	(9, 98),
	(10, 98),
	(11, 98),
	(12, 98),
	(13, 98),
	(14, 98),
	(15, 98),
	(16, 98),
	(17, 98),
	(18, 98),
	(19, 98),
	(20, 98),
	(21, 98),
	(22, 98),
	(23, 98),
	(24, 98),
	(25, 98),
	(26, 98),
	(27, 98),
	(28, 98),
	(29, 98),
	(30, 98),
	(1, 99),
	(2, 99),
	(3, 99),
	(4, 99),
	(5, 99),
	(6, 99),
	(7, 99),
	(8, 99),
	(9, 99),
	(10, 99),
	(11, 99),
	(12, 99),
	(13, 99),
	(14, 99),
	(15, 99),
	(16, 99),
	(17, 99),
	(18, 99),
	(19, 99),
	(20, 99),
	(21, 99),
	(22, 99),
	(23, 99),
	(24, 99),
	(25, 99),
	(26, 99),
	(27, 99),
	(28, 99),
	(29, 99),
	(30, 99),
	(1, 100),
	(2, 100),
	(3, 100),
	(4, 100),
	(5, 100),
	(6, 100),
	(7, 100),
	(8, 100),
	(9, 100),
	(10, 100),
	(11, 100),
	(12, 100),
	(13, 100),
	(14, 100),
	(15, 100),
	(16, 100),
	(17, 100),
	(18, 100),
	(19, 100),
	(20, 100),
	(21, 100),
	(22, 100),
	(23, 100),
	(24, 100),
	(25, 100),
	(26, 100),
	(27, 100),
	(28, 100),
	(29, 100),
	(30, 100),
	(1, 101),
	(2, 101),
	(3, 101),
	(4, 101),
	(5, 101),
	(6, 101),
	(7, 101),
	(8, 101),
	(9, 101),
	(10, 101),
	(11, 101),
	(12, 101),
	(13, 101),
	(14, 101),
	(15, 101),
	(16, 101),
	(17, 101),
	(18, 101),
	(19, 101),
	(20, 101),
	(21, 101),
	(22, 101),
	(23, 101),
	(24, 101),
	(25, 101),
	(26, 101),
	(27, 101),
	(28, 101),
	(29, 101),
	(30, 101),
	(1, 102),
	(2, 102),
	(3, 102),
	(4, 102),
	(5, 102),
	(6, 102),
	(7, 102),
	(8, 102),
	(9, 102),
	(10, 102),
	(11, 102),
	(12, 102),
	(13, 102),
	(14, 102),
	(15, 102),
	(16, 102),
	(17, 102),
	(18, 102),
	(19, 102),
	(20, 102),
	(21, 102),
	(22, 102),
	(23, 102),
	(24, 102),
	(25, 102),
	(26, 102),
	(27, 102),
	(28, 102),
	(29, 102),
	(30, 102),
	(1, 103),
	(2, 103),
	(3, 103),
	(4, 103),
	(5, 103),
	(6, 103),
	(7, 103),
	(8, 103),
	(9, 103),
	(10, 103),
	(11, 103),
	(12, 103),
	(13, 103),
	(14, 103),
	(15, 103),
	(16, 103),
	(17, 103),
	(18, 103),
	(19, 103),
	(20, 103),
	(21, 103),
	(22, 103),
	(23, 103),
	(24, 103),
	(25, 103),
	(26, 103),
	(27, 103),
	(28, 103),
	(29, 103),
	(30, 103),
	(1, 104),
	(2, 104),
	(3, 104),
	(4, 104),
	(5, 104),
	(6, 104),
	(7, 104),
	(8, 104),
	(9, 104),
	(10, 104),
	(11, 104),
	(12, 104),
	(13, 104),
	(14, 104),
	(15, 104),
	(16, 104),
	(17, 104),
	(18, 104),
	(19, 104),
	(20, 104),
	(21, 104),
	(22, 104),
	(23, 104),
	(24, 104),
	(25, 104),
	(26, 104),
	(27, 104),
	(28, 104),
	(29, 104),
	(30, 104),
	(1, 105),
	(2, 105),
	(3, 105),
	(4, 105),
	(5, 105),
	(6, 105),
	(7, 105),
	(8, 105),
	(9, 105),
	(10, 105),
	(11, 105),
	(12, 105),
	(13, 105),
	(14, 105),
	(15, 105),
	(16, 105),
	(17, 105),
	(18, 105),
	(19, 105),
	(20, 105),
	(21, 105),
	(22, 105),
	(23, 105),
	(24, 105),
	(25, 105),
	(26, 105),
	(27, 105),
	(28, 105),
	(29, 105),
	(30, 105),
	(1, 106),
	(2, 106),
	(3, 106),
	(4, 106),
	(5, 106),
	(6, 106),
	(7, 106),
	(8, 106),
	(9, 106),
	(10, 106),
	(11, 106),
	(12, 106),
	(13, 106),
	(14, 106),
	(15, 106),
	(16, 106),
	(17, 106),
	(18, 106),
	(19, 106),
	(20, 106),
	(21, 106),
	(22, 106),
	(23, 106),
	(24, 106),
	(25, 106),
	(26, 106),
	(27, 106),
	(28, 106),
	(29, 106),
	(30, 106),
	(1, 107),
	(2, 107),
	(3, 107),
	(4, 107),
	(5, 107),
	(6, 107),
	(7, 107),
	(8, 107),
	(9, 107),
	(10, 107),
	(11, 107),
	(12, 107),
	(13, 107),
	(14, 107),
	(15, 107),
	(16, 107),
	(17, 107),
	(18, 107),
	(19, 107),
	(20, 107),
	(21, 107),
	(22, 107),
	(23, 107),
	(24, 107),
	(25, 107),
	(26, 107),
	(27, 107),
	(28, 107),
	(29, 107),
	(30, 107),
	(1, 108),
	(2, 108),
	(3, 108),
	(4, 108),
	(5, 108),
	(6, 108),
	(7, 108),
	(8, 108),
	(9, 108),
	(10, 108),
	(11, 108),
	(12, 108),
	(13, 108),
	(14, 108),
	(15, 108),
	(16, 108),
	(17, 108),
	(18, 108),
	(19, 108),
	(20, 108),
	(21, 108),
	(22, 108),
	(23, 108),
	(24, 108),
	(25, 108),
	(26, 108),
	(27, 108),
	(28, 108),
	(29, 108),
	(30, 108);

-- 테이블 STICKEY.stadium_zone 구조 내보내기
CREATE TABLE IF NOT EXISTS `stadium_zone` (
  `id` int NOT NULL AUTO_INCREMENT,
  `price` int NOT NULL,
  `stadium_id` int DEFAULT NULL,
  `name` varchar(255) COLLATE utf8mb4_bin DEFAULT NULL,
  PRIMARY KEY (`id`),
  KEY `FK72thsgfw4ul2nx9xfv0xnufbw` (`stadium_id`),
  CONSTRAINT `FK72thsgfw4ul2nx9xfv0xnufbw` FOREIGN KEY (`stadium_id`) REFERENCES `stadium` (`id`)
) ENGINE=InnoDB AUTO_INCREMENT=109 DEFAULT CHARSET=utf8mb4 COLLATE=utf8mb4_bin;

-- 테이블 데이터 STICKEY.stadium_zone:~108 rows (대략적) 내보내기
INSERT INTO `stadium_zone` (`id`, `price`, `stadium_id`, `name`) VALUES
	(1, 20000, 1, 'S구역 1'),
	(2, 20000, 1, 'S구역 2'),
	(3, 15000, 1, 'R구역 1'),
	(4, 15000, 1, 'R구역 2'),
	(5, 15000, 1, 'R구역 3'),
	(6, 15000, 1, 'R구역 4'),
	(7, 10000, 1, 'W구역 1'),
	(8, 10000, 1, 'W구역 2'),
	(9, 10000, 1, 'E구역 1'),
	(10, 10000, 1, 'E구역 2'),
	(11, 10000, 1, 'E구역 3'),
	(12, 10000, 1, 'E구역 4'),
	(13, 20000, 2, 'S구역 1'),
	(14, 20000, 2, 'S구역 2'),
	(15, 15000, 2, 'R구역 1'),
	(16, 15000, 2, 'R구역 2'),
	(17, 15000, 2, 'R구역 3'),
	(18, 15000, 2, 'R구역 4'),
	(19, 10000, 2, 'W구역 1'),
	(20, 10000, 2, 'W구역 2'),
	(21, 10000, 2, 'E구역 1'),
	(22, 10000, 2, 'E구역 2'),
	(23, 10000, 2, 'E구역 3'),
	(24, 10000, 2, 'E구역 4'),
	(25, 20000, 3, 'S구역 1'),
	(26, 20000, 3, 'S구역 2'),
	(27, 15000, 3, 'R구역 1'),
	(28, 15000, 3, 'R구역 2'),
	(29, 15000, 3, 'R구역 3'),
	(30, 15000, 3, 'R구역 4'),
	(31, 10000, 3, 'W구역 1'),
	(32, 10000, 3, 'W구역 2'),
	(33, 10000, 3, 'E구역 1'),
	(34, 10000, 3, 'E구역 2'),
	(35, 10000, 3, 'E구역 3'),
	(36, 10000, 3, 'E구역 4'),
	(37, 20000, 4, 'S구역 1'),
	(38, 20000, 4, 'S구역 2'),
	(39, 15000, 4, 'R구역 1'),
	(40, 15000, 4, 'R구역 2'),
	(41, 15000, 4, 'R구역 3'),
	(42, 15000, 4, 'R구역 4'),
	(43, 10000, 4, 'W구역 1'),
	(44, 10000, 4, 'W구역 2'),
	(45, 10000, 4, 'E구역 1'),
	(46, 10000, 4, 'E구역 2'),
	(47, 10000, 4, 'E구역 3'),
	(48, 10000, 4, 'E구역 4'),
	(49, 20000, 5, 'S구역 1'),
	(50, 20000, 5, 'S구역 2'),
	(51, 15000, 5, 'R구역 1'),
	(52, 15000, 5, 'R구역 2'),
	(53, 15000, 5, 'R구역 3'),
	(54, 15000, 5, 'R구역 4'),
	(55, 10000, 5, 'W구역 1'),
	(56, 10000, 5, 'W구역 2'),
	(57, 10000, 5, 'E구역 1'),
	(58, 10000, 5, 'E구역 2'),
	(59, 10000, 5, 'E구역 3'),
	(60, 10000, 5, 'E구역 4'),
	(61, 20000, 6, 'S구역 1'),
	(62, 20000, 6, 'S구역 2'),
	(63, 15000, 6, 'R구역 1'),
	(64, 15000, 6, 'R구역 2'),
	(65, 15000, 6, 'R구역 3'),
	(66, 15000, 6, 'R구역 4'),
	(67, 10000, 6, 'W구역 1'),
	(68, 10000, 6, 'W구역 2'),
	(69, 10000, 6, 'E구역 1'),
	(70, 10000, 6, 'E구역 2'),
	(71, 10000, 6, 'E구역 3'),
	(72, 10000, 6, 'E구역 4'),
	(73, 20000, 7, 'S구역 1'),
	(74, 20000, 7, 'S구역 2'),
	(75, 15000, 7, 'R구역 1'),
	(76, 15000, 7, 'R구역 2'),
	(77, 15000, 7, 'R구역 3'),
	(78, 15000, 7, 'R구역 4'),
	(79, 10000, 7, 'W구역 1'),
	(80, 10000, 7, 'W구역 2'),
	(81, 10000, 7, 'E구역 1'),
	(82, 10000, 7, 'E구역 2'),
	(83, 10000, 7, 'E구역 3'),
	(84, 10000, 7, 'E구역 4'),
	(85, 20000, 8, 'S구역 1'),
	(86, 20000, 8, 'S구역 2'),
	(87, 15000, 8, 'R구역 1'),
	(88, 15000, 8, 'R구역 2'),
	(89, 15000, 8, 'R구역 3'),
	(90, 15000, 8, 'R구역 4'),
	(91, 10000, 8, 'W구역 1'),
	(92, 10000, 8, 'W구역 2'),
	(93, 10000, 8, 'E구역 1'),
	(94, 10000, 8, 'E구역 2'),
	(95, 10000, 8, 'E구역 3'),
	(96, 10000, 8, 'E구역 4'),
	(97, 20000, 9, 'S구역 1'),
	(98, 20000, 9, 'S구역 2'),
	(99, 15000, 9, 'R구역 1'),
	(100, 15000, 9, 'R구역 2'),
	(101, 15000, 9, 'R구역 3'),
	(102, 15000, 9, 'R구역 4'),
	(103, 10000, 9, 'W구역 1'),
	(104, 10000, 9, 'W구역 2'),
	(105, 10000, 9, 'E구역 1'),
	(106, 10000, 9, 'E구역 2'),
	(107, 10000, 9, 'E구역 3'),
	(108, 10000, 9, 'E구역 4');

-- 테이블 STICKEY.support 구조 내보내기
CREATE TABLE IF NOT EXISTS `support` (
  `id` int NOT NULL AUTO_INCREMENT,
  `organization_id` int DEFAULT NULL,
  `create_time` datetime(6) DEFAULT NULL,
  `end_time` datetime(6) DEFAULT NULL,
  `start_time` datetime(6) DEFAULT NULL,
  `content` varchar(255) COLLATE utf8mb4_bin DEFAULT NULL,
  `message` varchar(255) COLLATE utf8mb4_bin DEFAULT NULL,
  `support_image` varchar(255) COLLATE utf8mb4_bin DEFAULT NULL,
  `title` varchar(255) COLLATE utf8mb4_bin DEFAULT NULL,
  `status` enum('WAITING','REJECTED','ACCEPTED') COLLATE utf8mb4_bin DEFAULT NULL,
  PRIMARY KEY (`id`),
  KEY `FKss8baivxjesatyjdm1knetuh1` (`organization_id`),
  CONSTRAINT `FKss8baivxjesatyjdm1knetuh1` FOREIGN KEY (`organization_id`) REFERENCES `organization` (`id`)
) ENGINE=InnoDB AUTO_INCREMENT=8 DEFAULT CHARSET=utf8mb4 COLLATE=utf8mb4_bin;

-- 테이블 데이터 STICKEY.support:~5 rows (대략적) 내보내기
INSERT INTO `support` (`id`, `organization_id`, `create_time`, `end_time`, `start_time`, `content`, `message`, `support_image`, `title`, `status`) VALUES
	(2, 7, '2024-04-02 12:54:02.927802', '2024-04-15 23:59:59.000000', '2024-04-09 00:00:00.000000', '우리는 유소년들이 축구를 통해 자신의 잠재력을 발견하고, 성장해 나갈 수 있도록 다양한 프로그램을 제공합니다. 하지만 이 아이들의 꿈을 지원하기 위해서는 여러분의 도움이 필요합니다.\n\n유소년 축구 후원을 통해, 아이들은 필요한 운동 장비를 갖추고, 적절한 훈련을 받으며, 중요한 대회에 참가할 기회를 얻게 됩니다. 더 나아가, 이들은 스포츠를 통해 협동심, 리더십, 그리고 집중력과 같은 귀중한 인생 스킬을 배우게 됩니다.', '', 'https://d3rz04d93vngvv.cloudfront.net/support/profile/2024_04_02_125440_soccer-7392844_1280.jpg', '함께 그린다, 미래의 축구 챔피언들의 꿈', 'WAITING'),
	(3, 7, '2024-04-02 12:59:18.787709', '2024-04-01 23:59:59.000000', '2024-03-26 23:59:59.000000', '유소년 선수들에게 첫 번째 경기는 단순한 경기를 넘어, 그들에게 무한한 가능성과 함께, 승리의 기쁨과 패배의 아픔을 통해 성장하는 기회를 제공합니다. \n그리고 우리 아이들은 몇 달 간의 열정적인 훈련 끝에, 드디어 그들의 첫 번째 축구 경기를 앞두고 있습니다. 이 특별한 순간, 아이들이 자신감을 가지고 최선을 다할 수 있도록 여러분의 따뜻한 응원이 필요합니다.', NULL, 'https://d3rz04d93vngvv.cloudfront.net/support/profile/2024_04_02_125965_audience-1866738_1280.jpg', '새로운 시작, 첫 번째 경기: 우리 아이들을 응원해주세요!', 'ACCEPTED'),
	(4, 10, '2024-04-02 13:48:13.060504', '2024-04-13 23:59:59.000000', '2024-04-02 00:00:00.000000', '저희는 야구 꿈나무들을 응원하기 위해 함께 노력하는 팀입니다. 김태영 선수는 탁월한 재능과 끊임없는 노력으로 미래의 야구 스타로 주목받고 있습니다. \n\n여러분의 후원은 선수들이 더 나은 훈련 환경에서 자신의 재능을 갈고닦을 수 있게 도와줄 뿐만 아니라, 국내외 대회 참가를 통해 소중한 경험을 쌓을 수 있는 기회를 제공할 것입니다.', NULL, 'https://d3rz04d93vngvv.cloudfront.net/support/profile/2024_04_02_134897_baseball-454559_640.jpg', '야구 꿈나무들의 꿈을 후원해주세요!', 'ACCEPTED'),
	(5, 9, '2024-04-02 13:48:13.558251', '2024-04-13 23:59:59.000000', '2024-04-02 00:00:00.000000', '한국대학스포츠협의회는 전국의 대학운동부를 운영하는 대학 협의체로서 대학스포츠의 본질을 회복하고 스포츠 선진화를 달성하고자 2010년에 설립되었습니다.\n대학생의 1인 1스포츠 실천 참여 확산을 위한 KUSF 클럽챔피언십 대회 개최와 여러 대학생들에게 다양한 기회제공을 확대해 나가고 있습니다.', NULL, 'https://d3rz04d93vngvv.cloudfront.net/support/profile/2024_04_02_134847_화면 캡처 2024-04-02 134735.png', '다양한 스포츠 종목의 유망주를 응원해주세요.', 'ACCEPTED'),
	(6, 7, '2024-04-02 14:08:06.803377', '2024-04-08 23:59:59.000000', '2024-04-02 00:00:00.000000', '축구는 꿈을 실현하고, 팀워크를 배우며, 인생의 중요한 교훈을 얻는 과정입니다. "드림축구재단"은 기술 훈련, 인성 교육,  팀워크 프로그램을 제공하여, 유소년들이 미래의 축구 스타뿐만 아니라 사회의 모범이 될 수 있도록 지원합니다.\n 하지만 이 꿈을 현실로 만들기 위해선 여러분의 도움이 필요합니다. 후원금은 100% 유소년 축구 프로그램의 운영과 발전에 사용됩니다. 이 아이들이 자신의 꿈을 향해 달려갈 수 있도록, 우리 모두의 손길을 기다립니다.\n', NULL, 'https://d3rz04d93vngvv.cloudfront.net/support/profile/2024_04_02_140826_soccer-362100_1280.jpg', '미래의 축구 스타를 위한 여정에 동참해주세요', 'ACCEPTED');

-- 테이블 STICKEY.user 구조 내보내기
CREATE TABLE IF NOT EXISTS `user` (
  `id` int NOT NULL AUTO_INCREMENT,
  `create_time` datetime(6) DEFAULT NULL,
  `email` varchar(255) COLLATE utf8mb4_bin DEFAULT NULL,
  `name` varchar(255) COLLATE utf8mb4_bin DEFAULT NULL,
  `password` varchar(255) COLLATE utf8mb4_bin DEFAULT NULL,
  `phone` varchar(255) COLLATE utf8mb4_bin DEFAULT NULL,
  `profile_image` varchar(255) COLLATE utf8mb4_bin DEFAULT NULL,
  `role` enum('INDIVIDUAL','ORGANIZATION','ADMIN') COLLATE utf8mb4_bin DEFAULT NULL,
  PRIMARY KEY (`id`)
) ENGINE=InnoDB AUTO_INCREMENT=21 DEFAULT CHARSET=utf8mb4 COLLATE=utf8mb4_bin;

-- 테이블 데이터 STICKEY.user:~20 rows (대략적) 내보내기
INSERT INTO `user` (`id`, `create_time`, `email`, `name`, `password`, `phone`, `profile_image`, `role`) VALUES
	(1, '2024-04-02 10:21:44.404289', 'admin1@ssafy.com', '관리자', '$2a$10$G2TkSV1S2HLqYBzRQLE4/.nBW2LBjUeOAidhiBLJ0gKcawsHqAFoC', '010-8282-2828', 'https://d3rz04d93vngvv.cloudfront.net/individual/profile/2024_04_02_102114_관리자할거야.jpg', 'ADMIN'),
	(2, '2024-04-02 10:23:17.010701', 'abcd5530@naver.com', '전찬혁', '$2a$10$NPsaerBQ8TUnMOaGW.2z3eBy6Rz7AP2ZvgzpcACkuqpPudFp5USgG', '010-4062-2476', 'https://d3rz04d93vngvv.cloudfront.net/individual/profile/2024_04_02_102374_20220331_191649.jpg', 'INDIVIDUAL'),
	(3, '2024-04-02 10:25:09.563428', 'gmldnjs427@naver.com', '윤희원', '$2a$10$GawTLHeVNnkbjvKRFcTxuezMDV6o89bezI.1xMmRarglFcwInOxCC', '010-2250-7061', 'https://d3rz04d93vngvv.cloudfront.net/individual/profile/2024_04_02_102540_everytime-1537276714549.jpg', 'INDIVIDUAL'),
	(4, '2024-04-02 10:31:50.515407', 'cbgbg0727@naver.com', '최부광', '$2a$10$bDBTkuYAhvdFaWlMhgeq2ex4FtS.JUQrTPx5RT4yHzhL4rk4DjOYe', '01037849704', 'https://d3rz04d93vngvv.cloudfront.net/individual/profile/2024_04_02_103129_춘식이.jpeg', 'ADMIN'),
	(5, '2024-04-02 10:33:31.179141', 'bbbbqz@nate.com', '강정수', '$2a$10$C6ETePJoUOFq5xdiyvffPO9qSUfi16UjE8uQ5E7.Zl/kusJ0lQIzK', '01043339241', 'https://d3rz04d93vngvv.cloudfront.net/organization/profile/2024_04_03_093815_NotFoundImage.jpg', 'INDIVIDUAL'),
	(6, '2024-04-02 10:38:35.112931', 'kysc@ssafy.com', '한국유소년축구클럽연맹', '$2a$10$HPXYgGZyBeDzbcwflAQthexcaNEoJzmF9iKcEu/z84aab7b6bbL0K', '010-7979-5656', 'https://d3rz04d93vngvv.cloudfront.net/organization/profile/2024_04_02_103883_한국유소년축구연맹.png', 'ORGANIZATION'),
	(7, '2024-04-02 10:45:50.859821', 'stickey@naver.com', '드림축구재단', '$2a$10$lz0A7ZZdqIFPp/zc7T34buDrJ2R/0rE1ooF2odir6htKB0yqDYYpa', '010-1234-9704', 'https://d3rz04d93vngvv.cloudfront.net/organization/profile/2024_04_02_104563_망곰.png', 'ORGANIZATION'),
	(8, '2024-04-02 10:49:13.585876', 'bbbbqz@gmail.com', 'ㅁ,넝리ㅑㅁㄴ더리ㅑ', '$2a$10$gseFSVe5b94clFn2tug.qu2bK3DZG6TAl0uadDfpW4AYC9dGAp41i', 'ㅁ니ㅑ더리ㅑㅁㄴ덜', 'https://d3rz04d93vngvv.cloudfront.net/organization/profile/2024_04_02_104933_error1.png', 'ORGANIZATION'),
	(9, '2024-04-02 10:53:45.909919', 'kuni@ssafy.com', '한국대학스포츠협의회', '$2a$10$y.lkUwJegPCxj0yz5iqhn.H7OppOLql.ER/Y6IMO4/jmlWnFAgjhO', '010-2525-9393', 'https://d3rz04d93vngvv.cloudfront.net/organization/profile/2024_04_02_105365_한국대학스포츠.png', 'ORGANIZATION'),
	(10, '2024-04-02 11:01:33.436819', 'ksbd@ssafy.com', '경상북도체육회', '$2a$10$aa.9H5wwalDMTbNtc4goEuy46VHrKxdLM8JW8CypwdEHeWyyTUxnO', '010-9494-9999', 'https://d3rz04d93vngvv.cloudfront.net/organization/profile/2024_04_02_110121_경북.png', 'ORGANIZATION'),
	(11, '2024-04-02 13:11:31.662594', 'kjjpyckjs@naver.com', '채밍경', '$2a$10$NYFNjcq..X39MYJ6v4m7b.xl7Z3NB7tupCU.pcDbglxuMCf1wYi2y', '01062920069', 'https://d3rz04d93vngvv.cloudfront.net/organization/profile/2024_04_03_201441_E84A44B7-5BB3-4BE1-A7C3-5A4D7E727D25.jpg', 'INDIVIDUAL'),
	(12, '2024-04-02 13:25:06.746834', 'cksbg7@naver.com', '최부광', '$2a$10$v21aTrNfwjIlocJuFzOVf.7472BBfzrOK72b67rh1cK/ANXrf6G5i', '010-3784-9704', 'https://d3rz04d93vngvv.cloudfront.net/individual/profile/2024_04_02_132557_2024_01_26_155538_pngwing.com.png.png', 'INDIVIDUAL'),
	(13, '2024-04-02 14:12:07.510760', 'jiyun3016@gmail.com', '류지윤', '$2a$10$Lwygz/l9pY/U0LNNPZ7R1.6w2K.rrY1vj.PEetiPj90TQtz.rOIW6', '010-4540-2705', 'https://d3rz04d93vngvv.cloudfront.net/individual/profile/2024_04_02_141231_개인회원할거야.jpg', 'INDIVIDUAL'),
	(14, '2024-04-02 14:23:05.935032', 'cksgur5530@gmail.com', '포켓몬트레이너단체', '$2a$10$gHMGwoKpRytlO94ArhoXrOSKqIpHXG.25uGlD92GQuX2hfKmkjkXW', '010-1234-2345', 'https://d3rz04d93vngvv.cloudfront.net/organization/profile/2024_04_02_142343_image (9).png', 'ORGANIZATION'),
	(15, '2024-04-02 18:00:29.551948', 'duck990@gmail.com', '이선좌', '$2a$10$EgZUalRGyDg5W6ov/tyHKu14s/OmqgiaBy9CWQKLh90fzgzDTH1.K', '010-5959-5252', 'https://d3rz04d93vngvv.cloudfront.net/individual/profile/2024_04_02_180030_관리자할거야.jpg', 'INDIVIDUAL'),
	(16, '2024-04-03 20:55:49.757073', 'yagoo@naver.com', '부산유소년야구단', '$2a$10$dvaRI5XY8t4ddTQWTtGqTe9TUkFSVW8VwVedBVuJXNTr5bkuqtcMq', '010-9876-6543', 'https://d3rz04d93vngvv.cloudfront.net/organization/profile/2024_04_03_205512_망곰.png', 'ORGANIZATION'),
	(17, '2024-04-03 20:56:27.658362', 'sports@naver.com', '대전희망스포츠재단', '$2a$10$qSlS/BMy/1Ll5LAcrUdjLeA2.0OKoUiFReoUnRxO3tdUl0Ihp2xQW', '010-9876-6543', 'https://d3rz04d93vngvv.cloudfront.net/organization/profile/2024_04_03_205635_망곰.png', 'ORGANIZATION'),
	(18, '2024-04-04 00:28:08.226756', 'jamic61925@dacgu.com', '김티켓', '$2a$10$TdxaoUNFfqyqTWshRiXTDuMkMiQ4mzIQkQcbE58vPYn8kj0Xny2Xu', '010-1234-1234', 'https://d3rz04d93vngvv.cloudfront.net/individual/profile/2024_04_04_002882_1292167.png', 'INDIVIDUAL'),
	(19, '2024-04-04 00:30:28.537858', 'yemoji3017@dacgu.com', '전티켓', '$2a$10$Zue5CmMSz9z.oOYCciE8buPz5RpQtNdbiFEvys2x.eXMPMWR9D0E6', '010-1234-1234', 'https://d3rz04d93vngvv.cloudfront.net/individual/profile/2024_04_04_003021_Token.png', 'INDIVIDUAL'),
	(20, '2024-04-04 10:09:33.290011', 'jeniffer0812@naver.com', '조수현', '$2a$10$ZLL0sis9LMKiFU5k1y2KDOrSP976HzoYjMdbX4VAZDG6w4FeZK8lO', '01012341234', 'https://d3rz04d93vngvv.cloudfront.net/individual/profile/2024_04_04_100992_free-icon-thinking-982997.png', 'INDIVIDUAL');

/*!40103 SET TIME_ZONE=IFNULL(@OLD_TIME_ZONE, 'system') */;
/*!40101 SET SQL_MODE=IFNULL(@OLD_SQL_MODE, '') */;
/*!40014 SET FOREIGN_KEY_CHECKS=IFNULL(@OLD_FOREIGN_KEY_CHECKS, 1) */;
/*!40101 SET CHARACTER_SET_CLIENT=@OLD_CHARACTER_SET_CLIENT */;
/*!40111 SET SQL_NOTES=IFNULL(@OLD_SQL_NOTES, 1) */;
